SYMBOL,OPEN,HIGH,LOW,CLOSE,LAST,,,,
1018GS2026,97.05,97.05,97.05,97.05,97.05,,,,
20MICRONS,54,55.3,53.75,54,54.7,,,,
21STCENMGM,38.35,38.35,38.35,38.35,38.35,,,,
3MINDIA,25260,26000,25260,25705.25,25700,,,,
3PLAND,14.3,14.3,13.3,13.7,13.7,,,,
5PAISA,471.6,492,469,475.75,474.1,,,,
618GS2024,103,103,103,103,103,,,,
63MOONS,93.4,97.4,93.4,96,95.75,,,,
667GS2050,97.5,98,96,96.49,96,,,,
676GS2061,97.5,97.5,97.01,97.01,97.01,,,,
716GS2050,112,112,112,112,112,,,,
759GS2026,108,108,108,108,108,,,,
762GS2039,110,110,110,110,110,,,,
A2ZINFRA,4.3,4.4,4.25,4.25,4.25,,,,
AAATECH,48,49.5,48,49.5,49.5,,,,
AAKASH,282.8,301,275.55,289.45,294.5,,,,
AAREYDRUGS,37.3,41,36.95,37.85,38.25,,,,
AARON,108,108,105.1,106.35,106.25,,,,
AARTIDRUGS,609.25,616.5,607.3,611.9,612,,,,
AARTIIND,937.4,939.95,920.6,926.95,926.75,,,,
AARTISURF,1402.2,1679.9,1402.2,1640.05,1646.3,,,,
AARVEEDEN,18.3,18.5,18,18.1,18.05,,,,
AARVI,58.25,58.3,57.05,57.35,57.5,,,,
AAVAS,2517.7,2517.7,2450.05,2472.55,2474,,,,
ABAN,44.7,45.5,43.1,43.7,43.8,,,,
ABB,1888,1917,1870.65,1907.3,1900,,,,
ABBOTINDIA,21400,21870,21311,21454.05,21399,,,,
ABCAPITAL,113.45,115.85,113,113.85,113.25,,,,
ABFRL,216,221.45,214.7,216.05,216.25,,,,
ABMINTLLTD,116.5,116.5,116.5,116.5,116.5,,,,
ABSLBANETF,363,365.6,363,364.21,364.59,,,,
ABSLNN50ET,431,439.25,431,435.75,435.75,,,,
ACC,2470,2475.05,2437.55,2442.95,2443.4,,,,
ACCELYA,1300,1315,1278.05,1282.35,1285,,,,
ACCURACY,138.7,140.5,136.6,137.6,137.1,,,,
ACE,278,291.75,271.25,277.1,276.7,,,,
ACEINTEG,20.15,20.15,20.15,20.15,20.15,,,,
ACRYSIL,640,665,640,658,660,,,,
ADANIENT,1539.9,1547.25,1497.05,1513.2,1514,,,,
ADANIGREEN,1189,1208.4,1133.1,1149.4,1149,,,,
ADANIPORTS,747.8,762.75,745.45,755.4,756.5,,,,
ADANIPOWER,99,102,97.85,99.2,99.35,,,,
ADANITRANS,1950,1954.15,1891.45,1942.7,1938,,,,
ADFFOODS,937.3,949.95,928,939.5,939.9,,,,
ADL,39.25,42.5,39.25,42.15,42.5,,,,
ADORWELD,693.2,698.85,680,685.3,684,,,,
ADROITINFO,10.7,10.7,9.9,10.45,10.45,,,,
ADSL,75,78.65,73.2,74.15,74.6,,,,
ADVANIHOTR,70.8,72,70.2,70.8,70.95,,,,
ADVENZYMES,414.85,417.7,403,407.3,406.1,,,,
AEGISCHEM,244.45,251.5,241.5,243,243,,,,
AFFLE,4989,4989,4862,4906,4910,,,,
AGARIND,315,319.5,310,311.45,313.45,,,,
AGCNET,1274,1278.15,1250,1278.15,1278.15,,,,
AGRITECH,66.8,66.8,62.1,66.8,66.8,,,,
AGROPHOS,15.4,15.4,14.4,15.2,15.4,,,,
AHLADA,144,147.5,141.8,142.5,142.45,,,,
AHLEAST,186.8,195.75,185.4,189.35,188.4,,,,
AHLUCONT,405.8,405.8,394,396.1,396.15,,,,
AHLWEST,276.7,282,273.8,276.75,279.9,,,,
AIAENG,2097,2119.5,2060,2105,2105.05,,,,
AILIMITED,31.5,31.5,31.5,31.5,31.5,,,,
AIRAN,23.45,23.55,22.5,23.45,23.45,,,,
AIROLAM,48.6,51.25,48.6,51.25,51.25,,,,
AISL,38.3,38.3,38.3,38.3,38.3,,,,
AJANTPHARM,2146.05,2225,2139.2,2217.4,2220,,,,
AJMERA,411.95,411.95,379.75,379.75,379.75,,,,
AJOONI,52.35,52.8,50.5,50.9,50.6,,,,
AJRINFRA,1.55,1.55,1.5,1.55,1.55,,,,
AKASH,200,200,181.35,187.6,194,,,,
AKG,25.25,25.3,23,24.2,23.3,,,,
AKSHARCHEM,432.05,439,427.05,429.35,429.4,,,,
AKSHOPTFBR,8.75,9.05,8.7,8.85,8.95,,,,
AKZOINDIA,2204.5,2204.5,2191.65,2199.65,2199.9,,,,
ALANKIT,15.7,15.95,15.45,15.6,15.55,,,,
ALBERTDAVD,590.1,598,585.25,591.2,587.25,,,,
ALEMBICLTD,115.55,116.65,114.3,114.7,115.35,,,,
ALICON,799.4,802.5,785.1,792.15,790,,,,
ALKALI,71.2,72.45,70.85,71.5,71.7,,,,
ALKEM,3843.3,3849.3,3794.4,3806.3,3811.65,,,,
ALKYLAMINE,4150,4185,4080,4093,4095,,,,
ALLCARGO,225,235.95,220.55,230.95,230.25,,,,
ALLSEC,466.65,466.65,456.55,461.15,461,,,,
ALMONDZ,75.95,76.75,74.05,74.65,74.05,,,,
ALOKINDS,24.25,24.7,23.65,23.75,23.8,,,,
ALPA,54,57,54,56.25,56.4,,,,
ALPHAGEO,426.6,434.7,420,421,421.5,,,,
ALPSINDUS,2.05,2.1,1.95,2.1,2.1,,,,
AMARAJABAT,721.9,741.25,718.7,736.7,737.2,,,,
AMBER,3240,3274,3201.65,3213.95,3214,,,,
AMBICAAGAR,16,17.3,15.4,15.95,16.3,,,,
AMBIKCO,1628,1635,1608,1610.5,1610,,,,
AMBUJACEM,436.55,436.85,428.5,432.45,432,,,,
AMDIND,28.55,29.7,28.5,28.7,28.65,,,,
AMIORG,910,966.7,841,935,934.5,,,,
AMJLAND,32.6,32.6,31.5,31.95,31.9,,,,
AMRUTANJAN,725,739.9,725,737.05,739,,,,
ANANTRAJ,68.45,69.35,66.25,67.35,67.35,,,,
ANDHRACEMT,21.65,22.25,20.8,22.25,22.25,,,,
ANDHRAPAP,238.4,238.4,229.4,230.65,231,,,,
ANDHRSUGAR,574.7,600,570.15,595,595.75,,,,
ANDREWYU,24.8,24.85,24.15,24.4,24.45,,,,
ANGELBRKG,1304,1334.8,1265.15,1278.45,1281.5,,,,
ANIKINDS,18.7,19.5,18.55,18.65,18.7,,,,
ANKITMETAL,1.75,1.8,1.7,1.8,1.8,,,,
ANMOL,203.85,207.55,193.5,193.95,193.85,,,,
ANSALAPI,9.45,9.45,9.15,9.25,9.25,,,,
ANSALHSG,6.5,6.7,6.3,6.35,6.3,,,,
ANTGRAPHIC,0.85,0.85,0.75,0.85,0.85,,,,
ANUP,1083.8,1108.3,1036.9,1092.4,1082,,,,
ANURAS,745,749.7,731.2,738.15,734,,,,
APARINDS,674.95,678.85,658,660.4,660,,,,
APCL,430,430,423.05,425.75,426.8,,,,
APCOTEXIND,433.4,441.3,406,409.85,409.9,,,,
APEX,300.85,319.5,300.85,304.75,304,,,,
APLAPOLLO,1882.8,1890,1840,1880,1885,,,,
APLLTD,775.25,783.9,773.9,780.2,780,,,,
APOLLO,127.5,129,123.55,126.4,125.15,,,,
APOLLOHOSP,4773,4773,4696.7,4732.45,4725,,,,
APOLLOPIPE,1580,1592.9,1541,1551.15,1548.9,,,,
APOLLOTYRE,215.95,221.9,215.3,221.05,221.15,,,,
APOLSINHOT,810.5,822.05,800,803.2,809,,,,
APTECHT,287,291.05,283,284.1,284.4,,,,
APTUS,361,365.9,360.05,361.3,362,,,,
ARCHIDPLY,31.5,32.3,30.9,31.85,31.75,,,,
ARCHIES,17.95,18.3,17.8,17.95,17.8,,,,
ARENTERP,29.7,29.7,29.7,29.7,29.7,,,,
ARIES,149.3,154.4,149,152.35,152.2,,,,
ARIHANT,26.25,28.3,26.2,27.5,27.75,,,,
ARIHANTCAP,142,144.5,138.2,139,139.3,,,,
ARIHANTSUP,119.05,124,118.5,123.15,121.9,,,,
ARMANFIN,889,910,871.65,879.95,881.8,,,,
AROGRANITE,72,72.45,69.7,69.85,69.8,,,,
ARROWGREEN,134.95,136.25,129.05,130.45,131.5,,,,
ARSHIYA,29.8,29.8,28.5,28.6,28.7,,,,
ARSSINFRA,31.8,31.8,29.45,29.45,29.45,,,,
ARTEMISMED,388.8,393.35,367.1,370.95,374.6,,,,
ARVEE,92,93.4,90,93.4,93.4,,,,
ARVIND,98.1,98.3,95.3,95.7,96,,,,
ARVINDFASN,265,267.7,250,254.1,253.5,,,,
ARVSMART,151,151,145.75,147.05,146.4,,,,
ASAHIINDIA,377.85,384,375.05,377,378,,,,
ASAHISONG,369.75,369.75,352.25,354.3,357,,,,
ASAL,57.85,59,56.1,57.1,57,,,,
ASALCBR,444,448.85,440.8,443.6,444,,,,
ASHAPURMIN,128.05,133.45,128.05,128.05,128.05,,,,
ASHIANA,188.55,193.65,183,189.45,188.15,,,,
ASHIMASYN,18.65,18.65,17.95,18.05,18,,,,
ASHOKA,104.45,105,102,102.25,102.3,,,,
ASHOKLEY,124,125.45,123.7,124.85,124.95,,,,
ASIANHOTNR,85.8,88,84,87.5,87.45,,,,
ASIANPAINT,3384.9,3388.6,3356.85,3362.5,3362.5,,,,
ASIANTILES,161.9,162.85,157.2,159.35,157.25,,,,
ASPINWALL,182.1,196,171.95,190.9,191.2,,,,
ASTEC,1347,1398,1337.5,1361.3,1358.9,,,,
ASTERDM,232.45,237,230.6,233.85,233.7,,,,
ASTRAL,2157,2157,2098,2107.05,2107.5,,,,
ASTRAMICRO,174.8,174.8,169.1,170.75,170.9,,,,
ASTRAZEN,3101,3142,3101,3136.6,3140,,,,
ASTRON,59.95,61.4,58.4,58.85,58.95,,,,
ATALREAL,102,103.9,100.5,103.75,103.75,,,,
ATFL,1043,1075,1016.25,1041.4,1046.9,,,,
ATGL,1369.95,1385.1,1340,1375,1375,,,,
ATLANTA,14.85,14.85,13.7,14.25,14.15,,,,
ATUL,9605,9898,9605,9850.25,9890,,,,
ATULAUTO,198,203,197.05,199.85,199.5,,,,
AUBANK,1150,1166.95,1124.05,1134,1137,,,,
AURDIS,70.9,70.95,67,67,67,,,,
AURIONPRO,199,208.95,199,200.25,199,,,,
AUROPHARMA,736.15,750.9,733.6,748.05,747.95,,,,
AUSOMENT,72.95,74.5,71.35,73.7,73.7,,,,
AUTOAXLES,1234.05,1237.95,1215,1218.75,1218,,,,
AUTOIND,55,57.45,54.15,57.45,57.45,,,,
AVADHSUGAR,415.9,444.8,414.45,434.15,443.4,,,,
AVANTIFEED,565.05,577.85,561,564.45,564.8,,,,
AVG,60.1,62.1,60.1,62.1,62.1,,,,
AVTNPL,76.55,82.4,76.55,80.75,80.5,,,,
AWHCL,420,450.9,416.85,445.15,448,,,,
AXISBANK,791,801,790,794.4,793,,,,
AXISBNKETF,368,374,366.55,367.64,367.55,,,,
AXISBPSETF,10.35,10.35,10.34,10.34,10.34,,,,
AXISCADES,69.8,72.7,69.8,72.7,72.7,,,,
AXISGOLD,40.89,40.89,40.63,40.72,40.76,,,,
AXISHCETF,90.02,90.75,89.39,90.22,90.3,,,,
AXISNIFTY,181,182.6,181,181.24,181.19,,,,
AXISTECETF,351.99,355,351.99,352.91,353,,,,
AYMSYNTEX,98.55,101.65,97.35,97.75,97.55,,,,
BAFNAPH,131.5,133.4,127.25,130.8,131,,,,
BAGFILMS,2.85,2.85,2.85,2.85,2.85,,,,
BAJAJ-AUTO,3717.4,3767,3690,3751.05,3754.55,,,,
BAJAJCON,262,265,260.4,262.35,262.4,,,,
BAJAJELEC,1335,1389.8,1325.45,1381,1380.05,,,,
BAJAJFINSV,17000,17040,16795.8,16831.25,16840,,,,
BAJAJHIND,14.6,15.25,14.3,15.1,15.25,,,,
BAJAJHLDNG,4329.95,4329.95,4258.85,4282.2,4288.7,,,,
BAJFINANCE,7480,7530,7408,7417.55,7415,,,,
BALAJITELE,61.65,63.7,61.5,62.85,62.7,,,,
BALAMINES,4735,5005,4675,4974.8,5000,,,,
BALAXI,557.2,565,551.7,554.25,556,,,,
BALKRISIND,2460,2502.95,2435.6,2472.5,2465.4,,,,
BALLARPUR,1.4,1.4,1.4,1.4,1.4,,,,
BALMLAWRIE,136,136.4,135,135.85,136.1,,,,
BALPHARMA,99.55,99.55,96.15,98.2,98.1,,,,
BALRAMCHIN,367.3,368.55,359,360.1,359.7,,,,
BANARBEADS,68.6,68.6,65.7,66,66.05,,,,
BANARISUG,1769.65,1820,1755.1,1797.45,1820,,,,
BANCOINDIA,209.9,213.15,200.65,206.05,207.85,,,,
BANDHANBNK,284.55,287.5,283.5,284.35,284.45,,,,
BANG,34.45,36,33.15,35.95,36,,,,
BANKA,82.5,88.9,82.5,83.95,85.95,,,,
BANKBARODA,78.7,79.05,78.1,78.65,78.45,,,,
BANKBEES,369.99,369.99,367.82,368.41,368.6,,,,
BANKINDIA,56.3,56.7,55.95,56.1,56.2,,,,
BANSWRAS,181,181,175,175.35,175.2,,,,
BARBEQUE,1132,1182,1117.8,1130.6,1128,,,,
BARTRONICS,2.8,2.95,2.75,2.85,2.85,,,,
BASF,3434.45,3471.75,3400,3404.95,3403,,,,
BASML,62.1,64.5,62,62.45,62.6,,,,
BATAINDIA,1778,1799.95,1769.5,1793.6,1799.9,,,,
BAYERCROP,5525,5525,5443,5466.15,5472,,,,
BBL,1395,1409.45,1356,1386.9,1386,,,,
BBTC,1201,1217.2,1198,1204.6,1205,,,,
BCG,34.8,35.9,34.5,35.9,35.9,,,,
BCLIND,241.6,247.75,239,240.1,240.5,,,,
BCONCEPTS,35.4,35.45,35.4,35.45,35.45,,,,
BCP,3.7,3.75,3.6,3.7,3.7,,,,
BDL,390,396.7,390,394,392.85,,,,
BEARDSELL,13.75,14.1,13.35,13.9,14,,,,
BECTORFOOD,425,427.95,418.25,422.9,421.5,,,,
BEDMUTHA,38.2,39.6,37.55,38,38.5,,,,
BEL,195.45,204,194.7,202.4,202.65,,,,
BEML,1348.7,1443,1343.75,1433.45,1435,,,,
BEPL,182.55,184.7,180.5,181.3,181.5,,,,
BERGEPAINT,844,847,833.6,834.85,835.6,,,,
BESTAGRO,821,823.15,772.45,781.8,772.45,,,,
BETA,400,423,383.5,404.2,404.45,,,,
BFINVEST,363.7,378.9,362.5,364.45,367,,,,
BFUTILITIE,416.9,426.85,416.9,420.05,421.4,,,,
BGRENERGY,61.5,63.5,60.75,62,61.75,,,,
BHAGERIA,250.5,255.6,249.25,251.95,253,,,,
BHAGYANGR,52.55,54.75,51.45,52.15,51.55,,,,
BHAGYAPROP,29.65,31.5,29.6,30.85,30,,,,
BHANDARI,2.9,2.9,2.8,2.9,2.9,,,,
BHARATFORG,776,791.85,774,780.05,778.95,,,,
BHARATGEAR,151,153.9,148.05,148.75,149,,,,
BHARATRAS,12839.9,13047.95,12705,12798.7,12760,,,,
BHARATWIRE,64.4,66.5,64.4,66.5,66.5,,,,
BHARTIARTL,695,699.7,689.1,694.2,694.8,,,,
BHEL,55.4,58.5,55.2,58,58.4,,,,
BIGBLOC,115,115.55,112,112.4,112.1,,,,
BIL,220,220,210.05,212.6,213,,,,
BINDALAGRO,23.15,23.8,22.9,23.3,23.15,,,,
BIOCON,355,356.4,353,355.7,355.9,,,,
BIOFILCHEM,63.85,63.85,62.85,63.15,63.35,,,,
BIRET,276.89,276.89,273,274.07,274,,,,
BIRLACABLE,83.35,85.4,83.35,84.55,85.2,,,,
BIRLACORPN,1336.7,1348,1307,1323.75,1322,,,,
BIRLAMONEY,62.5,62.5,61,61.75,61.85,,,,
BIRLATYRE,25,25,24.5,24.7,24.8,,,,
BKMINDST,1.35,1.35,1.3,1.35,1.35,,,,
BLBLIMITED,10.25,10.5,9.7,9.95,9.95,,,,
BLISSGVS,111,113.15,110.3,110.65,110.8,,,,
BLKASHYAP,24.35,25,23.95,24.7,24.9,,,,
BLS,247.2,260,244,251.25,251.9,,,,
BLUEDART,6417,6456,6340.05,6379.45,6361.85,,,,
BLUESTARCO,848,859.45,841.6,852.05,851.05,,,,
BODALCHEM,108.6,113,108.1,109.55,109.6,,,,
BOHRA,2.95,3.25,2.95,3.25,3.25,,,,
BOMDYEING,96.45,97.8,95.55,96,95.75,,,,
BOROLTD,239.75,246.7,226.1,227.75,228,,,,
BORORENEW,335,337,312.2,323.25,320.55,,,,
BOSCHLTD,14585,14720,14500,14569,14563.9,,,,
BPCL,501,503,490.5,493.1,492.95,,,,
BPL,66.9,66.9,66.9,66.9,66.9,,,,
BRFL,6.95,7.2,6.95,6.95,7.1,,,,
BRIGADE,402.45,409.9,400,401.3,401.4,,,,
BRIGHT,5.05,5.3,4.8,5.2,5.15,,,,
BRITANNIA,4097,4153,4082.4,4101.5,4109,,,,
BRITANNIA,30.97,31.05,30.97,31.04,31.04,,,,
BRITANNIA,29.6,29.8,29.6,29.65,29.65,,,,
BRNL,30.25,31.45,30,30.2,30.35,,,,
BROOKS,137.4,141.3,135,136.65,136,,,,
BSE,1235.55,1255,1221.2,1229.65,1225,,,,
BSHSL,297.95,297.95,290,290.3,290.05,,,,
BSL,66.5,66.9,64.5,64.8,65.2,,,,
BSLGOLDETF,4287.05,4307.5,4287,4295,4295,,,,
BSLNIFTY,194.49,194.49,190.95,191.79,193.05,,,,
BSOFT,410.5,411.3,408,408.9,409.4,,,,
BURGERKING,158.55,161.85,158.5,159.95,160,,,,
BURNPUR,3.3,3.3,3.1,3.1,3.1,,,,
BUTTERFLY,838.9,858,838.9,839.95,839.4,,,,
BVCL,24.5,25.5,23.6,24.8,25.5,,,,
BYKE,28,28.6,27.5,28.5,28.15,,,,
CADILAHC,556,563.4,553.5,560.85,561.35,,,,
CALSOFT,19.6,19.6,19.6,19.6,19.6,,,,
CAMLINFINE,172.65,178.4,171.3,174.25,174.1,,,,
CAMS,3624,3674,3600,3608.5,3602,,,,
CANBK,157,157.9,154.65,155.25,155.5,,,,
CANDC,3.45,3.6,3.45,3.45,3.45,,,,
CANFINHOME,634.7,641.5,627.5,630.35,631,,,,
CANTABIL,525,577.3,482.6,511.05,511,,,,
CAPACITE,170.6,177.65,168.55,172.35,172,,,,
CAPLIPOINT,960.8,965,912.8,925.9,926.5,,,,
CAPTRUST,102.6,109.35,102.55,109.35,109.35,,,,
CARBORUNIV,920,951.95,905.2,928.15,923,,,,
CAREERP,162.35,166,162.05,162.5,162.2,,,,
CARERATING,733.85,739,727.2,730.8,732.9,,,,
CARTRADE,1524,1529.95,1492.75,1510.9,1503.1,,,,
CASTROLIND,139.5,140.4,138.1,138.45,138.55,,,,
CCHHL,6.65,6.65,6.2,6.55,6.65,,,,
CCL,407,413,403.4,405.65,405,,,,
CDSL,1439,1439,1321,1349.45,1345,,,,
CEATLTD,1316,1350,1310.5,1338.45,1338,,,,
CEBBCO,35.4,35.4,33.8,34.25,34.75,,,,
CELEBRITY,9.2,9.45,8.8,9.45,9.45,,,,
CENTENKA,442,467.45,442,454.95,456.7,,,,
CENTEXT,10.35,10.5,9.9,9.95,10,,,,
CENTRALBK,20.5,20.7,20.45,20.55,20.55,,,,
CENTRUM,35.15,35.45,34.5,35,34.9,,,,
CENTUM,472.5,474,460,464.5,463,,,,
CENTURYPLY,415.65,419.45,411.25,415.2,413.5,,,,
CENTURYTEX,850,855.6,840.6,846.45,844.05,,,,
CERA,4413,4470,4386.2,4453.65,4450.4,,,,
CEREBRAINT,58.6,58.6,56.8,57.2,57.15,,,,
CESC,840,894,839,880.85,879,,,,
CGCL,501.75,506,501.45,503.45,504.9,,,,
CGPOWER,89.25,90.9,88.5,89.5,89.7,,,,
CHALET,185.15,188.15,184,184.9,185,,,,
CHAMBLFERT,317,322.6,317,320.3,319.9,,,,
CHEMBOND,230.4,232,225.5,226.35,225.5,,,,
CHEMCON,441.1,468.45,441.1,465.7,468.45,,,,
CHEMFAB,157.9,164,156.65,160.9,161.75,,,,
CHEMPLASTS,569.85,574.2,555,558,559,,,,
CHENNPETRO,111.1,112.9,110.5,111.05,110.8,,,,
CHOLAFIN,590,595,579.45,581.25,580,,,,
CHOLAHLDNG,670,674.95,655.85,659.8,659.9,,,,
CIGNITITEC,579,584.8,572,579.1,579.15,,,,
CINELINE,100.45,101,97.45,100.5,100.5,,,,
CINEVISTA,14.05,14.8,14.05,14.45,14.6,,,,
CIPLA,954.8,958.35,949.6,953.15,952.15,,,,
CLEAN,1681.05,1706.95,1678,1698.4,1701,,,,
CLEDUCATE,146.75,149.5,142.55,145,144,,,,
CLNINDIA,588,588,571,575.5,577.4,,,,
CLSEL,119.8,123,116.6,120.6,120.1,,,,
CMICABLES,49,50.35,48.4,49.3,49,,,,
CMMIPL,18.05,18.1,18.05,18.1,18.1,,,,
COALINDIA,155.35,155.5,153.35,154.7,154.6,,,,
COCHINSHIP,371.45,377.75,366.35,375.1,376,,,,
COFFEEDAY,28.15,28.3,27.7,27.9,28,,,,
COFORGE,5205,5339.65,5170,5295.55,5294,,,,
COLPAL,1731.95,1737.8,1724.95,1732.95,1732,,,,
COMPINFO,26.9,27.6,26.45,26.65,26.5,,,,
COMPUSOFT,13.4,13.95,13.3,13.65,13.65,,,,
CONCOR,740,745.6,725.5,729.1,728.9,,,,
CONFIPET,80.25,81.55,77.65,79.75,80,,,,
CONSOFINVT,162.5,162.5,149.65,152.35,152.1,,,,
CONTI,6.65,6.95,6.65,6.95,6.95,,,,
CONTROLPR,340,341,334.15,336.15,335.4,,,,
CORALFINAC,39.8,39.8,38.55,38.95,39.1,,,,
CORDSCABLE,54.25,55.2,53.95,54.75,55,,,,
COROMANDEL,834.5,835.95,821.65,827.2,827.15,,,,
COSMOFILMS,1377.45,1598.6,1373.3,1556.25,1558,,,,
COUNCODOS,2.95,3.15,2.95,2.95,3,,,,
COX&KINGS,1.7,1.7,1.7,1.7,1.7,,,,
CPSEETF,26.8,27.05,26.68,26.97,26.96,,,,
CRAFTSMAN,1985.6,1990,1961.2,1966.45,1964.8,,,,
CREATIVE,228.95,236.5,226,226.9,227,,,,
CREATIVEYE,3.05,3.05,3,3,3,,,,
CREDITACC,684.9,688.45,669,672.25,673.95,,,,
CREST,121,124,120.6,123.05,123,,,,
CRISIL,2841.7,2844.25,2780.65,2797.1,2791,,,,
CROMPTON,489.65,495.3,483.05,489.9,489,,,,
CROWN,96.85,96.85,96.85,96.85,96.85,,,,
CSBBANK,300.35,304.8,297.7,303.35,302,,,,
CTE,54.65,57.25,54.65,57.25,57.25,,,,
CUB,155.8,159.3,155.7,156.9,157.25,,,,
CUBEXTUB,22.85,23.3,22.05,22.75,22.7,,,,
CUMMINSIND,1045,1049.3,1026.75,1038.65,1037.45,,,,
CUPID,235.8,236.7,230.7,232,232.9,,,,
CYBERMEDIA,9.9,10.5,9.9,10,10,,,,
CYBERTECH,167.9,170.95,166.65,167.35,167.5,,,,
CYIENT,1059.1,1059.1,1020.75,1041.9,1036.4,,,,
DAAWAT,65,67.4,64.8,65.1,65.1,,,,
DABUR,640.2,640.95,634.75,639.2,639.3,,,,
DALBHARAT,2425,2548.4,2415.15,2447.85,2420,,,,
DALMIASUG,403,421,403,417.15,420.2,,,,
DAMODARIND,43,45.9,43,44.75,44.75,,,,
DANGEE,197,198.2,196.25,196.25,196.25,,,,
DATAMATICS,311,313.1,307,308.55,308.95,,,,
DBCORP,89,94.95,88.95,94,93.8,,,,
DBL,519.85,523,514.5,517.55,519,,,,
DBREALTY,30,32.5,28.4,30.05,30,,,,
DBSTOCKBRO,19.8,19.8,18.45,19.05,19.1,,,,
DCAL,213.85,217.45,205.5,210.25,209,,,,
DCBBANK,95,95.1,93.35,93.95,93.8,,,,
DCI,66.5,66.5,66.5,66.5,66.5,,,,
DCM,49.15,49.35,46.55,47.85,47.9,,,,
DCMFINSERV,2.3,2.3,2.3,2.3,2.3,,,,
DCMNVL,203,220.5,203,220.5,220.5,,,,
DCMSHRIRAM,985,997,962,971.65,969,,,,
DCW,37.05,39.65,36.7,39.2,39.15,,,,
DECCANCE,750,757,742.55,750.45,748,,,,
DEEPAKFERT,415,420.8,412,416.95,418,,,,
DEEPAKNTR,2439.7,2468.85,2420,2451.15,2448,,,,
DEEPENR,43,44.95,43,44.35,44.8,,,,
DEEPINDS,150.65,153.8,142.25,144.1,143.6,,,,
DELPHIFX,699.9,725,690,691.9,692,,,,
DELTACORP,223.5,233.8,222.2,230.4,229.5,,,,
DELTAMAGNT,54.25,54.4,51.9,53.45,53.55,,,,
DEN,49.7,52.05,49.7,51.35,51.1,,,,
DENORA,348,352.8,340,342.45,343.5,,,,
DEVIT,132,142,132,136.05,136.05,,,,
DEVYANI,116.9,121.95,116.05,119.55,119.7,,,,
DFMFOODS,349.8,368,342,365.05,363,,,,
DGCONTENT,12.4,12.4,11.85,12.15,12.15,,,,
DHAMPURSUG,298.7,305.6,295.6,302.55,304.25,,,,
DHANBANK,16.1,16.55,16,16.35,16.5,,,,
DHANI,198.25,205,196.55,197.35,197.1,,,,
DHANILOANS,1009,1012.7,1005,1010,1010,,,,
DHANILOANS,1264.2,1295,1264.2,1295,1295,,,,
DHANILOANS,1008,1008,1008,1008,1008,,,,
DHANILOANS,1020.1,1020.1,1020.1,1020.1,1020.1,,,,
DHANILOANS,985,985,985,985,985,,,,
DHANILOANS,1009.95,1010,1009.95,1010,1010,,,,
DHANIPP,88.85,88.85,86.05,86.7,86.6,,,,
DHANUKA,816,826,810,816.55,819.25,,,,
DHARSUGAR,17.2,18.95,17.15,18.95,18.95,,,,
DHUNINV,635.1,654.5,611.15,627.5,629,,,,
DIAMONDYD,661.85,710.55,661.4,696.2,697.5,,,,
DIAPOWER,1.25,1.25,1.25,1.25,1.25,,,,
DICIND,491,491,467.2,470.95,471.95,,,,
DIGISPICE,60.4,60.4,55.25,55.25,55.25,,,,
DISHTV,20.5,21.25,20.4,21.25,21.25,,,,
DIVISLAB,5125,5191.4,5071.8,5094.85,5088.95,,,,
DIXON,4324.4,4336.35,4263.05,4289.15,4289.95,,,,
DLF,341,345,341,342.3,341.95,,,,
DLINKINDIA,140.8,144.8,138.9,140,140.05,,,,
DMART,3970,4000,3964.9,3979.7,3978,,,,
DNAMEDIA,2.15,2.15,2,2.1,2.05,,,,
DODLA,540,542.35,535,535.9,537.5,,,,
DOLAT,93.05,96.15,90.45,94.9,94.75,,,,
DOLLAR,377.55,383.4,375.5,377.95,376.95,,,,
DONEAR,60,61.7,59.25,60.55,61,,,,
DPABHUSHAN,196.3,201.55,196.3,199.3,199.5,,,,
DPSCLTD,15.8,15.85,15.45,15.55,15.6,,,,
DPWIRES,245,245.2,237.1,245.2,245.2,,,,
DRCSYSTEMS,279,282.05,269.95,274.15,272.05,,,,
DREDGECORP,363.8,378,362.3,373.55,372,,,,
DRL,11.9,11.9,11.9,11.9,11.9,,,,
DRREDDY,4949.9,4989,4923.75,4930.75,4938.6,,,,
DSML,32.65,32.65,32.65,32.65,32.65,,,,
DSSL,128.35,128.35,125.15,126.5,126.95,,,,
DTIL,288.7,294.85,282.2,290.6,288.7,,,,
DUCON,10.9,11.15,10.75,10.85,10.9,,,,
DUDIGITAL,129.7,129.7,129.7,129.7,129.7,,,,
DVL,286.05,287.95,282.9,285.95,285.25,,,,
DWARKESH,68.2,71.3,67.55,70.4,71.2,,,,
DYNAMATECH,3238.7,3317,2991,3026.85,3007,,,,
DYNPRO,555.9,576.9,555.1,561.6,562.95,,,,
E2E,44.95,45.5,44.95,45.5,45.5,,,,
EASEMYTRIP,527.4,533.4,517,519.05,517.5,,,,
EASTSILK,3.95,3.95,3.8,3.8,3.85,,,,
EASUNREYRL,2.65,2.75,2.65,2.75,2.75,,,,
EBANK,4086.99,4087,3812,4020,4020,,,,
EBBETF0423,1151,1151,1149.55,1149.8,1149.55,,,,
EBBETF0425,1071.5,1071.5,1069.75,1069.98,1070,,,,
EBBETF0430,1169,1180,1169,1178.09,1178,,,,
EBBETF0431,1056.5,1060,1055.55,1057.94,1057.7,,,,
EC2RG,13.47,13.47,13.47,13.47,13.47,,,,
EC5RG,16.5,16.5,16.5,16.5,16.5,,,,
ECLERX,2201,2255,2201,2238.1,2241,,,,
ECLFINANCE,984.26,984.26,984.26,984.26,984.26,,,,
ECLFINANCE,1280,1280,1280,1280,1280,,,,
ECLFINANCE,980,980,980,980,980,,,,
ECLFINANCE,946,946,935,945.97,946,,,,
ECLFINANCE,895,895,890,890,890,,,,
ECLFINANCE,1065,1067.8,1060,1060,1060,,,,
ECLFINANCE,1280,1292,1280,1289.97,1289.85,,,,
ECLFINANCE,993.6,993.6,993.6,993.6,993.6,,,,
ECLFINANCE,1059.9,1061,1042,1060.97,1060.97,,,,
ECLFINANCE,1255.11,1255.11,1255.11,1255.11,1255.11,,,,
ECLFINANCE,1005,1014,1005,1009.38,1007,,,,
ECLFINANCE,1012,1015.1,1012,1015,1015,,,,
EDELWEISS,81.55,82.5,80.05,80.95,81.05,,,,
EDUCOMP,2.95,3,2.8,3,3,,,,
EHFLNCD,965,969.99,960,966,966,,,,
EHFLNCD,940,940,938.01,939.44,938.01,,,,
EICHERMOT,2818.8,2870,2809.65,2820.3,2814,,,,
EIDPARRY,428.65,429,415.25,422,422.6,,,,
EIFFL,84.5,84.5,84.5,84.5,84.5,,,,
EIHAHOTELS,335,342,329.35,339.95,341.95,,,,
EIHOTEL,110.6,111.6,108.6,109.75,110,,,,
EIMCOELECO,417.95,428.25,406.4,414.95,415.05,,,,
EKC,129.8,133.45,127.5,128.7,128.95,,,,
ELECON,177.55,179.05,174,176.05,176.8,,,,
ELECTCAST,41.2,41.5,39.15,39.9,40.25,,,,
ELECTHERM,129,130.45,126.1,128.25,128.35,,,,
ELGIEQUIP,198.65,202,198,198.4,199,,,,
ELGIRUBCO,39.5,39.5,38.5,38.75,38.9,,,,
EMAMILTD,591.65,607.95,589.95,594.5,594,,,,
EMAMIPAP,167,168.7,165.25,165.75,165.85,,,,
EMAMIREAL,67.55,70.95,65.55,69.15,69.2,,,,
EMBASSY,372.48,377,372.02,374.21,373.89,,,,
EMCO,1.9,1.9,1.8,1.85,1.85,,,,
EMKAY,118.1,119.5,118.1,118.45,118.45,,,,
EMMBI,101.9,106.15,101.8,103.65,104.35,,,,
ENDURANCE,1612,1645.25,1583,1592.05,1585,,,,
ENERGYDEV,9.3,9.6,9.05,9.25,9.2,,,,
ENGINERSIN,72.85,73.5,72.65,73,73.05,,,,
ENIL,211.75,211.8,205.5,206.3,205.5,,,,
EPL,240.6,252.8,239.2,242.5,242.35,,,,
EQ30,413,413.94,402.02,411.84,412.5,,,,
EQUITAS,129.6,130.55,127.05,127.8,127.05,,,,
EQUITASBNK,60.25,61.25,59.6,60.85,61,,,,
ERFLNCDI,890.2,890.2,886.2,886.2,886.2,,,,
ERFLNCDI,890,900,890,900,900,,,,
ERIS,764.35,769.05,755,761.25,759.35,,,,
EROSMEDIA,16.9,17.6,16.5,17.6,17.6,,,,
ESABINDIA,2275,2285.25,2194.05,2231.15,2226.5,,,,
ESCORTS,1382,1478,1377.55,1466,1461.9,,,,
ESSARSHPNG,10.05,10.2,9.9,10.05,10.2,,,,
ESTER,149.45,156.75,148.15,152.5,152.4,,,,
EVEREADY,331.95,346.95,329.75,338.95,337.1,,,,
EVERESTIND,442.3,453.1,442.3,446.2,447.95,,,,
EXCEL,3.5,3.5,3.3,3.4,3.4,,,,
EXCELINDUS,1076.5,1119,1076.5,1092.75,1094.75,,,,
EXIDEIND,184.2,185.15,182,182.6,182.25,,,,
EXPLEOSOL,1087.05,1120.4,1086,1120.4,1120.4,,,,
EXXARO,155.9,162.45,154.25,155.85,155.55,,,,
FACT,126.25,128,125.2,126.05,126.25,,,,
FAIRCHEMOR,1925,1929.6,1872,1880.3,1887.3,,,,
FCL,126.5,129.7,122.6,125.75,125.45,,,,
FCONSUMER,7.55,7.7,7.5,7.55,7.55,,,,
FCSSOFT,1.4,1.45,1.35,1.4,1.45,,,,
FDC,370,371.9,361.5,363.6,363.85,,,,
FEDERALBNK,82.5,82.9,81.95,82.35,82.3,,,,
FEL,9,9.25,8.8,9.1,9.1,,,,
FELDVR,11.9,12.2,11.65,11.85,11.85,,,,
FELIX,44.9,44.9,42,44.45,44.65,,,,
FIEMIND,1194.25,1223,1150,1175.3,1180,,,,
FILATEX,106,110.25,106,108.55,108.5,,,,
FINCABLES,517.4,531,506.85,523.2,525,,,,
FINEORG,3192,3246.65,3156.7,3219.65,3230.15,,,,
FINPIPE,180.9,186,180.25,184.95,185.5,,,,
FLEXITUFF,15.45,15.45,14.75,14.95,15,,,,
FLFL,51.25,52.5,51.25,51.5,51.8,,,,
FLUOROCHEM,1730,1734,1690,1693.45,1691.9,,,,
FMGOETZE,289.95,290.5,286.5,289.1,289.75,,,,
FMNL,9.15,9.15,8.8,8.95,9,,,,
FOCUS,58,58,55,56,56,,,,
FORCEMOT,1417.95,1480,1416.25,1463.35,1475,,,,
FORTIS,273,280.3,273,277.35,278,,,,
FOSECOIND,1511,1528,1493,1500.5,1495.2,,,,
FRETAIL,47.95,48.45,46.8,47.3,47.4,,,,
FSC,71.5,75,71.5,73.6,74.1,,,,
FSL,203.8,206.4,200.25,202.65,202.5,,,,
GABRIEL,142.9,143,140,140.5,140.5,,,,
GAEL,178.7,179.7,177.05,177.6,177.9,,,,
GAIL,147.2,156.65,147.2,156,156.05,,,,
GAL,2.25,2.3,2.2,2.25,2.25,,,,
GALAXYSURF,3250,3575.2,3226.2,3515.35,3515.05,,,,
GALLANTT,75.95,76,72.4,72.65,72.85,,,,
GALLISPAT,58.9,59.8,56.6,57.65,58.3,,,,
GANDHITUBE,457.95,471.4,451.7,462.8,464.9,,,,
GANECOS,514.7,514.7,497.15,500.2,500,,,,
GANESHHOUC,164.5,171,163.15,165.95,165.5,,,,
GANGAFORGE,15.4,15.8,15.15,15.3,15.4,,,,
GANGESSECU,90.55,92,88.8,90.75,90.6,,,,
GARFIBRES,3480,3480,3402.1,3427.9,3425,,,,
GATI,142.4,142.7,139.9,140.85,140.75,,,,
GAYAPROJ,56.95,59.95,56.05,58.7,58.9,,,,
GDL,258.75,258.75,252.9,254.55,255,,,,
GEECEE,146,148.1,145.05,145.4,145.2,,,,
GEEKAYWIRE,85,87.45,85,86.1,86.85,,,,
GENCON,47.9,47.9,44.2,45.05,45.25,,,,
GENESYS,146.45,148.9,143.3,146.6,147,,,,
GENUSPAPER,9.75,10.05,9.6,9.95,10.05,,,,
GENUSPOWER,68.4,69.4,67.4,67.75,67.6,,,,
GEOJITFSL,79.55,80.45,78.95,79.15,79,,,,
GEPIL,315.1,320.3,315.1,318.3,318,,,,
GESHIP,368.8,375.5,364.75,367.75,368.3,,,,
GET&D,132.7,135.6,132,134.35,134.7,,,,
GFLLIMITED,65.3,74.9,64,73.25,72.9,,,,
GFSTEELS,1.8,1.8,1.8,1.8,1.8,,,,
GHCL,382,390.4,376.25,385.55,387.1,,,,
GICHSGFIN,156.4,158.4,155.65,156.35,156.2,,,,
GICRE,144.7,150.3,144.55,147.95,147.45,,,,
GILLANDERS,46,47,46,46.8,46.8,,,,
GILLETTE,6155,6174.9,6025.15,6051.7,6066.05,,,,
GINNIFILA,37.7,38.5,35.25,36.05,36.5,,,,
GIPCL,83.7,84.5,83.35,83.85,84,,,,
GISOLUTION,2.85,2.85,2.75,2.75,2.75,,,,
GKWLIMITED,692.35,692.35,667.1,671.7,667.1,,,,
GLAND,3821,3863.35,3795.05,3812.35,3813,,,,
GLAXO,1545,1584.45,1530,1562.7,1567,,,,
GLENMARK,520.3,533.65,520,531.55,531.5,,,,
GLFL,3.25,3.25,3.25,3.25,3.25,,,,
GLOBAL,45.95,45.95,43.8,44.4,44.4,,,,
GLOBALVECT,51.4,53.8,51,53.55,53.5,,,,
GLOBE,10.55,10.9,10.5,10.8,10.8,,,,
GLOBUSSPR,1273.35,1273.35,1232,1273.35,1273.35,,,,
GLS,670.2,691.35,667.1,687.25,684.55,,,,
GMBREW,581.2,593,578.45,581.7,580,,,,
GMDCLTD,69.35,71.1,68.9,69.1,69.1,,,,
GMMPFAUDLR,4422.25,4480.25,4402,4424.5,4435,,,,
GMRINFRA,30.2,30.3,29.8,30,29.9,,,,
GNA,820,825,805,813.95,814,,,,
GNFC,338.1,344.35,337.7,339.85,340,,,,
GOACARBON,379.9,382.6,372,376.95,376,,,,
GOCLCORP,266,274.95,263.65,269.5,273.05,,,,
GODFRYPHLP,975.2,1014.4,975.2,997.25,997.5,,,,
GODHA,35.7,35.7,33.95,33.95,33.95,,,,
GODREJAGRO,652.65,655.5,640.1,645.9,647.35,,,,
GODREJCP,1123.3,1125,1110.3,1114.05,1114,,,,
GODREJIND,558.2,560,547.8,551.2,548.15,,,,
GODREJPROP,1614,1629,1606,1615.8,1614,,,,
GOENKA,1.4,1.4,1.35,1.4,1.4,,,,
GOKEX,208.5,213,204.45,206.35,207.4,,,,
GOKUL,27.75,28.2,27.4,27.95,28.2,,,,
GOKULAGRO,39,40.5,38.1,39.7,39.65,,,,
GOLDBEES,41.12,41.12,40.34,40.73,40.73,,,,
GOLDENTOBC,89.3,96,89,92,91.6,,,,
GOLDIAM,1041.65,1070,1000.05,1018.2,1020,,,,
GOLDSHARE,41.6,41.65,41.15,41.25,41.3,,,,
GOLDTECH,27.05,27.05,27.05,27.05,27.05,,,,
GOODLUCK,309,323.75,306,310.25,310.2,,,,
GOODYEAR,1025,1039.65,1021.55,1025.9,1027.8,,,,
GPIL,1270.5,1270.5,1241.15,1270.5,1270.5,,,,
GPPL,101.2,101.75,100.9,101.6,101.75,,,,
GPTINFRA,89,89.95,87.1,88.15,87.75,,,,
GRANULES,325,337.4,324.05,335.6,336.2,,,,
GRAPHITE,640,645,632.1,633.85,633.5,,,,
GRASIM,1610,1619.9,1594,1611.8,1611,,,,
GRAUWEIL,62,65,62,64.4,64.45,,,,
GRAVITA,205,211.75,203.5,204.5,204,,,,
GREAVESCOT,141.75,148.85,140.1,147.8,147.8,,,,
GREENLAM,1420,1429.8,1400,1403.3,1404.3,,,,
GREENPANEL,308.7,317.45,293.25,298.1,293.25,,,,
GREENPLY,177.85,177.85,174.35,174.95,174.55,,,,
GREENPOWER,3,3.15,3,3.15,3.15,,,,
GRINDWELL,1498,1507.85,1448.15,1460.7,1452.5,,,,
GRINFRA,1585,1608,1553.6,1568.4,1560,,,,
GROBTEA,1038.5,1055,1000,1008.5,1005.1,,,,
GRPLTD,956.4,973.4,940.5,955.05,951.85,,,,
GRSE,195.35,195.4,191.05,192.25,192,,,,
GSCLCEMENT,51.2,52.3,50.95,51.1,51,,,,
GSFC,107.1,110.4,107.1,109.3,110,,,,
GSPL,354.05,354.05,348,349.35,349.95,,,,
GSS,85.95,87.45,85.1,85.6,85.1,,,,
GTL,15.05,15.55,14.75,15.15,15.2,,,,
GTLINFRA,1.6,1.6,1.6,1.6,1.6,,,,
GTNTEX,7.55,8.2,7.55,7.55,7.55,,,,
GTPL,232.95,235,228.65,231.35,232,,,,
GUFICBIO,199.7,205,197.7,198.45,199,,,,
GUJALKALI,501.4,516,493,496.75,496,,,,
GUJAPOLLO,223.5,223.6,218,218.9,221.55,,,,
GUJGASLTD,676,678.75,668,672.7,673.1,,,,
GUJRAFFIA,38.95,38.95,37.55,38.3,38.5,,,,
GULFOILLUB,606,609.25,602.75,606.05,607,,,,
GULFPETRO,55,56.05,54.7,55.2,55.5,,,,
GULPOLY,251,254.6,245.05,245.6,247.9,,,,
HAL,1412.3,1441.75,1369.95,1409.95,1407.3,,,,
HAPPSTMNDS,1488,1515,1486.25,1499.25,1499.5,,,,
HARRMALAYA,197.65,198.95,196,196.3,196.45,,,,
HATHWAY,23.65,25.75,23.6,25.1,25.05,,,,
HATSUN,1275,1517.9,1271,1463.95,1492,,,,
HAVELLS,1450.3,1471.45,1450.1,1465.55,1465.05,,,,
HAVISHA,1.3,1.35,1.25,1.25,1.25,,,,
HBANKETF,371.88,371.88,363.98,367.1,367.38,,,,
HBLPOWER,49.15,49.5,48.6,48.8,48.85,,,,
HBSL,39.95,39.95,36.65,38.7,38.05,,,,
HCC,10.1,10.4,10.05,10.25,10.2,,,,
HCG,240.1,243.7,236.9,238.55,238.8,,,,
HCL-INSYS,14.05,14.05,13.8,14.05,14.05,,,,
HCLTECH,1216,1240.6,1207,1238.65,1237,,,,
HDFC,2864.95,2869,2810,2818.05,2820.2,,,,
HDFC,871.1,871.1,856,856,856,,,,
HDFCAMC,3314,3338,3255,3268.9,3268,,,,
HDFCBANK,1560,1564.5,1546.6,1548.55,1550,,,,
HDFCLIFE,737.8,744,736.1,739.2,739,,,,
HDFCMFGETF,41.74,41.89,41.74,41.8,41.83,,,,
HDFCNIFETF,186.9,186.9,184,185.68,185.7,,,,
HDFCSENETF,633.99,633.99,625,628.73,628.85,,,,
HDIL,4.65,4.7,4.55,4.55,4.55,,,,
HEG,2276,2290.95,2245,2255.2,2248,,,,
HEIDELBERG,264,268.4,264,266.6,267,,,,
HEMIPROP,132.95,142.5,132.4,139.7,139.8,,,,
HERANBA,775.35,781.9,769.45,776.65,775.3,,,,
HERCULES,142.7,143.1,140.05,141.55,141.8,,,,
HERITGFOOD,459.8,462,451,454.8,454,,,,
HEROMOTOCO,2800,2861,2800,2851.7,2846,,,,
HESTERBIO,2605,2620,2525.05,2539.3,2550,,,,
HEXATRADEX,186.35,194.9,186,191.1,188.3,,,,
HFCL,78.5,80.9,78.4,79.4,79.5,,,,
HGINFRA,602.7,617.85,591.55,609.4,609,,,,
HGS,3055,3089,2975.9,3015.3,2999,,,,
HIKAL,656.75,676,650,654,655,,,,
HIL,5312,5330.8,5205.55,5264.55,5286,,,,
HILTON,14.2,14.9,14,14.65,14.7,,,,
HIMATSEIDE,253,254,247,251.9,251.3,,,,
HINDALCO,483.1,483.45,473.2,477.95,478,,,,
HINDCOMPOS,300.75,313.45,300.75,305.25,304.65,,,,
HINDCON,61.5,62.3,60.6,61.1,61.1,,,,
HINDCOPPER,125.45,129.75,124.1,126,125.95,,,,
HINDMOTORS,7.75,7.75,7.5,7.65,7.6,,,,
HINDNATGLS,35.9,37.15,35,37.15,37.15,,,,
HINDOILEXP,195,204.5,192.3,196.65,195.75,,,,
HINDPETRO,272.45,275.85,270.7,274.15,274.5,,,,
HINDUNILVR,2802,2804,2751.05,2762.55,2764.45,,,,
HINDZINC,338,338.8,331.05,333,333,,,,
HIRECT,212,215.5,205.5,206.65,206.25,,,,
HISARMETAL,130.15,138.75,130,133.2,132.5,,,,
HITECH,604.7,620,600,614.1,614,,,,
HITECHCORP,228.9,237.6,217.6,228.5,230.6,,,,
HITECHGEAR,275.65,282,274.25,277.4,276.25,,,,
HLEGLAS,4675.1,4769.1,4550,4621.1,4620,,,,
HLVLTD,8.95,9.15,8.8,9.05,9.1,,,,
HMT,28,29.1,27.5,28.15,28,,,,
HMVL,75.75,78.4,75.55,77.8,77.9,,,,
HNDFDS,2037,2064,2005,2018.35,2020,,,,
HNGSNGBEES,332.2,332.7,327.03,329.73,329.6,,,,
HOMEFIRST,575.25,582,575,578.9,575.1,,,,
HONAUT,42807.55,42807.55,42013.95,42243.05,42200,,,,
HONDAPOWER,1220.3,1220.3,1202.55,1213.4,1210.35,,,,
HOVS,58.5,59,55.5,56.7,56.5,,,,
HPL,71.8,71.95,69.5,70.05,70.25,,,,
HSCL,47.1,47.85,46.95,47.2,47.1,,,,
HSIL,238.05,244.3,235,243.15,243.1,,,,
HTMEDIA,24.7,27,24.25,25.25,25.3,,,,
HUBTOWN,30.7,31.5,29.25,30,30,,,,
HUDCO,43.35,43.95,43.15,43.6,43.6,,,,
HUDCO,1059.5,1059.99,1059,1059,1059,,,,
HUDCO,1076.8,1079,1076.8,1079,1079,,,,
HUDCO,1199.9,1200,1198,1199.33,1200,,,,
HUDCO,1167.5,1168,1167.5,1168,1168,,,,
HUDCO,1250,1250,1249,1249,1249,,,,
HUDCO,1265,1265,1265,1265,1265,,,,
HUDCO,1329.89,1334.5,1317,1331.99,1332,,,,
HUDCO,1462,1462,1452,1452,1452,,,,
HUHTAMAKI,263,270,262.95,268.35,267.35,,,,
IBMFNIFTY,173.51,181,173.2,174.86,175.37,,,,
IBREALEST,142.25,144,137.55,139.8,139.15,,,,
IBUCCREDIT,941,941,940,940,940,,,,
IBUCCREDIT,918.2,920,909.2,909.2,909.2,,,,
IBULHSGFIN,230,240.35,229.6,239.3,239.05,,,,
IBULHSGFIN,979.99,979.99,979.99,979.99,979.99,,,,
IBULHSGFIN,962,962,955,955,955,,,,
IBULHSGFIN,1325,1325,1305,1305,1305,,,,
IBULHSGFIN,990,990,970,970,970,,,,
ICDSLTD,161.2,161.2,145.9,145.9,145.9,,,,
ICEMAKE,75.85,77,74.75,75.35,75,,,,
ICICI500,248.55,248.55,245,245.2,245.15,,,,
ICICIALPLV,184.45,187,181,181.69,182,,,,
ICICIB22,42.5,42.97,42.18,42.91,42.9,,,,
ICICIBANK,713.25,714,706.5,707.45,707.95,,,,
ICICIBANKN,374.7,374.7,364.43,364.49,364.9,,,,
ICICIBANKP,188,189.88,187,187.77,187.6,,,,
ICICIFMCG,414.95,414.95,405.05,406.22,406.25,,,,
ICICIGI,1624.95,1629.6,1578.7,1614.7,1606.5,,,,
ICICIGOLD,41.41,41.87,41.41,41.76,41.71,,,,
ICICILIQ,1005,1008.9,999.01,999.99,999.99,,,,
ICICILOVOL,139.26,144.2,138.27,142.91,142.91,,,,
ICICIM150,114.7,116.7,111.1,113.13,112.9,,,,
ICICIMCAP,106.2,106.2,104.2,105.37,105.9,,,,
ICICINF100,192.39,192.98,190.21,191.73,191.75,,,,
ICICINIFTY,199,199,185.75,186.51,186.4,,,,
ICICINV20,95.19,95.19,94,95.04,95.05,,,,
ICICINXT50,44,44.23,43.74,43.83,43.76,,,,
ICICIPHARM,91.1,92,91.1,91.79,91.79,,,,
ICICIPRULI,698.8,700.25,687.5,689.9,689.9,,,,
ICICISENSX,634,635,631.9,633.25,633.25,,,,
ICICITECH,358,360.45,352.2,359.72,360.29,,,,
ICIL,277.8,280,268,268.75,270,,,,
ICRA,3623,3623,3535,3545.3,3549,,,,
IDBI,39.5,39.5,38.9,39,39.1,,,,
IDBIGOLD,4343.95,4360,4309.4,4311.5,4309.4,,,,
IDEA,7.95,9,7.9,8.7,8.75,,,,
IDFC,56.7,57.1,53.15,54.85,54.7,,,,
IDFCFIRSTB,47,48.5,46.9,47.95,47.9,,,,
IDFCFIRSTB,5300,5375,5300,5365,5365,,,,
IDFCFIRSTB,11485.11,11550,11485.11,11550,11550,,,,
IDFCFIRSTB,5200,5215,5200,5206.66,5205,,,,
IDFCFIRSTB,11000,11039,11000,11039,11039,,,,
IDFNIFTYET,164.8,182.81,164.8,182.55,182.55,,,,
IEX,596.9,597,583.5,586.3,586.85,,,,
IFBAGRO,566.8,577.45,551.6,557.65,556,,,,
IFBIND,1084,1084,1037.2,1075.9,1073.15,,,,
IFCI,11.35,11.6,11.15,11.4,11.45,,,,
IFCI,1070.1,1072.1,1070.1,1072.1,1072.1,,,,
IFCI,1074,1074,1054,1054.06,1054,,,,
IFCI,1950,1970,1950,1950,1950,,,,
IFCI,1835,1835,1835,1835,1835,,,,
IFGLEXPOR,330,339.8,330,334.65,333,,,,
IGARASHI,514,549.9,513.2,542.6,545.5,,,,
IGL,600,602.05,585.45,587,587,,,,
IGPL,646,646,631.2,632.4,631.7,,,,
IIFCL,1421.01,1423,1420,1423,1423,,,,
IIFL,317,322.85,304.95,309.2,312.5,,,,
IIFL,1057.9,1057.9,1057.9,1057.9,1057.9,,,,
IIFL,1349,1349,1272,1280,1280,,,,
IIFL,1030,1030,1020,1022.19,1021,,,,
IIFL,1065,1065,1057,1059,1057,,,,
IIFL,1053.55,1053.55,1053.55,1053.55,1053.55,,,,
IIFL,1040.8,1048.5,1040.8,1048.5,1048.5,,,,
IIFL,1022.23,1022.23,1022.23,1022.23,1022.23,,,,
IIFL,1005,1005,996,996,996,,,,
IIFL,995.3,998.99,995.25,997.24,997,,,,
IIFL,994,996,994,996,996,,,,
IIFLSEC,95.9,97.9,93.8,94.35,94.85,,,,
IIFLWAM,1710,1715,1651.55,1665.1,1657.5,,,,
IIHFL,989,995,989,991,991,,,,
IIHFL,995,995,988.51,990.26,992,,,,
IIHFL,912,935,912,932.33,931,,,,
IITL,66,70.6,65.85,70.6,70.6,,,,
IL&FSENGG,4.65,4.65,4.35,4.35,4.35,,,,
IL&FSTRANS,3.25,3.5,3.25,3.25,3.25,,,,
IMAGICAA,7.85,7.95,7.7,7.8,7.8,,,,
IMFA,674.6,690,668.05,680.1,686,,,,
IMPAL,757.3,769.9,755,756.35,756,,,,
INCREDIBLE,27,28.3,26.6,27.65,27.65,,,,
INDBANK,24,24.35,23.15,23.95,23.9,,,,
INDHOTEL,154.95,155.5,152.4,153.9,153.6,,,,
INDIACEM,180.2,182.45,179.15,181.35,181.5,,,,
INDIAGLYCO,701.1,706.65,686.2,687.45,689.7,,,,
INDIAMART,8775,8901,8720,8776.5,8759.95,,,,
INDIANB,125.75,129.15,125.45,128.6,128.55,,,,
INDIANCARD,183,183,170.3,176.8,173.2,,,,
INDIANHUME,199,201.75,199,199.9,199.85,,,,
INDIGO,1895,1948.95,1893.45,1943,1942.95,,,,
INDIGOPNTS,2596,2596,2568,2574.8,2575,,,,
INDIGRID,135.95,136.9,135,135.11,135,,,,
INDIGRID,1021,1021,1021,1021,1021,,,,
INDIGRID,1070,1070.5,1069.99,1069.99,1069.99,,,,
INDIGRID,1058.5,1059.55,1058.5,1059.55,1059.55,,,,
INDLMETER,11.8,12.3,11.6,12,12,,,,
INDNIPPON,359.6,362.7,356,359.4,359.9,,,,
INDOCO,458.7,471.5,458.65,464.25,463.5,,,,
INDORAMA,53.25,54.6,50.4,54,54.2,,,,
INDOSOLAR,2.55,2.55,2.45,2.55,2.55,,,,
INDOSTAR,296.4,300.4,293,294.9,297,,,,
INDOTECH,159.65,160.95,155.15,157.65,157,,,,
INDOTHAI,86.3,88,86.3,87.3,88,,,,
INDOWIND,6.6,6.7,6.3,6.4,6.45,,,,
INDRAMEDCO,80.75,81.55,79.2,79.7,79.95,,,,
INDSWFTLAB,70,71,68.5,68.8,68.9,,,,
INDSWFTLTD,10.2,10.2,9.45,9.8,9.9,,,,
INDTERRAIN,41.65,42.5,40.3,40.95,41.1,,,,
INDUSINDBK,999,1039,997.6,1036.6,1035.5,,,,
INDUSTOWER,238.85,249.8,238,246.25,245.9,,,,
INEOSSTYRO,1425,1445,1401,1407.3,1405.7,,,,
INFIBEAM,46.25,46.5,44.85,45.2,45.35,,,,
INFOBEAN,362.45,370.2,360,364.05,365,,,,
INFRABEES,500.23,510,500.23,505.17,505.42,,,,
INFY,1695.95,1695.95,1678.6,1686.15,1686.5,,,,
INGERRAND,972,992,963.1,979.55,976,,,,
INNOVATIVE,11.65,11.65,10.8,10.8,10.8,,,,
INOXLEISUR,300.6,305.9,300.6,304.8,304,,,,
INOXWIND,101.85,104.8,100.25,103.15,103.8,,,,
INSECTICID,731.95,740,725,731.45,733.95,,,,
INSPIRISYS,47,48.9,46.5,48.5,48.5,,,,
INTELLECT,649.9,649.9,636.25,643.2,643,,,,
INTENTECH,73.95,74,71.1,71.95,72.4,,,,
INVENTURE,2.9,3,2.9,2.9,2.95,,,,
IOB,19.6,19.8,19.6,19.7,19.7,,,,
IOC,114,115.9,114,115.25,115.15,,,,
IOLCP,559,605.8,558.5,592.75,593.5,,,,
IPCALAB,2600,2679.8,2571.65,2637.5,2679.8,,,,
IPL,326.4,329.05,320,322.55,323,,,,
IRB,170.6,179,170.25,176.7,178,,,,
IRBINVIT,57.75,57.75,57.2,57.54,57.55,,,,
IRCON,45.3,45.5,45.2,45.3,45.4,,,,
IRCTC,3487,3758.8,3476,3738.45,3723,,,,
IREDA,1288,1288,1288,1288,1288,,,,
IREDA,1260,1260,1260,1260,1260,,,,
IRFC,23.1,23.1,22.9,22.95,22.95,,,,
IRFC,1093.75,1093.75,1093.75,1093.75,1093.75,,,,
IRFC,1237,1250,1237,1245.05,1245.05,,,,
IRFC,1211.75,1220,1210.11,1210.11,1210.11,,,,
IRFC,1145,1145,1135,1135,1135,,,,
IRFC,1305,1306,1282.02,1282.02,1282.02,,,,
IRFC,1295,1305,1292,1302.57,1302.99,,,,
IRFC,1274,1274,1256.21,1256.21,1256.21,,,,
IRFC,1275,1275,1270.21,1273,1273,,,,
IRISDOREME,182,182.8,180,180,180,,,,
ISEC,717.65,738.45,717.65,732.3,730.2,,,,
ISFT,148.8,148.8,138.25,138.4,138.25,,,,
ISGEC,732.5,810,728,794.05,806,,,,
ISMTLTD,27.1,28.4,27.05,28.4,28.4,,,,
ITC,214.9,217.25,214.2,216.1,216.75,,,,
ITDC,389.5,392.95,386.3,387.4,389.9,,,,
ITDCEM,78.2,83.4,78.2,82.85,83.3,,,,
ITI,121.8,121.8,120,120.25,120.1,,,,
IVC,5.95,6.2,5.85,6,6,,,,
IVP,117.6,117.85,115.55,116.7,116.8,,,,
IVZINGOLD,4202.05,4287.95,4202.05,4213.75,4229,,,,
IVZINNIFTY,1885.55,1903.55,1885.55,1903.55,1903.55,,,,
IWEL,689.05,689.05,650,652.6,653,,,,
IZMO,97.9,97.9,93.5,95.65,96.4,,,,
J&KBANK,37.1,37.8,37.1,37.4,37.45,,,,
JAGRAN,56.6,59.65,56.6,58.65,58.6,,,,
JAGSNPHARM,164.7,169.7,161.3,162.85,163,,,,
JAIBALAJI,55.3,55.5,53.5,53.85,54.55,,,,
JAICORPLTD,137.3,139.65,135.4,136.55,136.5,,,,
JAINSTUDIO,1.9,1.95,1.85,1.85,1.85,,,,
JAIPURKURT,62.1,62.1,56.4,57.7,59.45,,,,
JALAN,14.75,14.75,14.05,14.5,14.5,,,,
JAMNAAUTO,85.2,86.45,85.1,85.65,85.5,,,,
JASH,490.05,510,490.05,507.7,510,,,,
JAYAGROGN,272,274.7,260.7,262.05,262.5,,,,
JAYBARMARU,189.9,195.8,186.95,192.4,193.2,,,,
JAYNECOIND,21.65,21.65,20.55,21.05,20.9,,,,
JAYSREETEA,109.85,110,108.25,109.1,108.9,,,,
JBCHEPHARM,1774,1779.5,1728,1732.6,1729.35,,,,
JBFIND,28.35,28.5,26.25,27.3,27.1,,,,
JBMA,460.95,495,456.35,488.45,488.8,,,,
JCHAC,2258,2258,2230,2243.9,2242,,,,
JETAIRWAYS,88.6,88.6,88.6,88.6,88.6,,,,
JETFREIGHT,41.3,41.3,41.3,41.3,41.3,,,,
JHS,27,27.8,27,27.15,27,,,,
JINDALPHOT,107.3,108.4,103,104.05,104.2,,,,
JINDALPOLY,1013,1089.45,1006,1072.15,1071.9,,,,
JINDALSAW,120.7,122.35,120.15,121.5,121.15,,,,
JINDALSTEL,405,408.3,400.25,401.1,400.9,,,,
JINDRILL,136.1,139.35,133.5,137.2,136.95,,,,
JINDWORLD,81.9,87.95,81.65,86.4,86.25,,,,
JISLDVREQS,22.2,23.8,22.05,23.35,23.15,,,,
JISLJALEQS,36.4,38.2,35.15,36.1,36.3,,,,
JITFINFRA,110.1,110.1,110.1,110.1,110.1,,,,
JKCEMENT,3492,3516.55,3381,3391.9,3394,,,,
JKIL,194.8,197.25,193.3,194.85,194.15,,,,
JKLAKSHMI,730.4,747,721.85,736.3,737,,,,
JKPAPER,253.5,254.8,248,250.6,250.4,,,,
JKTYRE,151.85,157.95,150.95,156.4,156.3,,,,
JMA,61.6,64,61.6,63.85,63.9,,,,
JMCPROJECT,104.5,105.7,102,103.1,103.2,,,,
JMFINANCIL,88.95,90.7,88.6,89.65,89.55,,,,
JMTAUTOLTD,2.65,2.7,2.6,2.6,2.65,,,,
JOCIL,237.95,256,233.6,248.75,251,,,,
JPASSOCIAT,9.35,9.35,9,9.35,9.35,,,,
JPINFRATEC,1.95,1.95,1.9,1.95,1.95,,,,
JPOLYINVST,43.05,43.05,43.05,43.05,43.05,,,,
JPPOWER,4.05,4.2,4,4.2,4.2,,,,
JSL,164.7,168.75,162.25,164.25,164.1,,,,
JSLHISAR,298.5,304.95,293,294.55,294.3,,,,
JSWENERGY,307.75,307.8,299.05,307.8,307.8,,,,
JSWHL,4849.95,4849.95,4730,4777.9,4792,,,,
JSWISPL,35.85,37.2,35.3,35.7,35.9,,,,
JSWSTEEL,696.4,702,692.25,693.65,694.95,,,,
JTEKTINDIA,102.5,105.2,102.25,103.7,103.7,,,,
JUBLFOOD,4134,4159.95,4091,4116,4121.95,,,,
JUBLINDS,519.4,524,511.95,514.65,514,,,,
JUBLINGREA,748.7,782,745.1,774.15,773,,,,
JUBLPHARMA,620,628.9,620,622.45,621.7,,,,
JUMPNET,8.75,8.95,8.7,8.8,8.9,,,,
JUNIORBEES,391,453.8,391,450.74,451.26,,,,
JUSTDIAL,990,993.7,984,986.15,986.55,,,,
JYOTHYLAB,176.7,179.5,176.55,177.45,177.7,,,,
JYOTISTRUC,14.75,14.75,14.75,14.75,14.75,,,,
KABRAEXTRU,237.9,262,237.9,251.1,252.95,,,,
KAJARIACER,1172.7,1180,1155.55,1163.7,1159.9,,,,
KAKATCEM,246.3,250.9,246.3,248.65,248.9,,,,
KALPATPOWR,414.6,425.45,414.6,422.9,424.8,,,,
KALYANIFRG,200.4,202.85,197,201.95,201.95,,,,
KALYANKJIL,66.7,66.9,66.25,66.65,66.75,,,,
KAMATHOTEL,49.55,49.9,48,49.25,49,,,,
KAMDHENU,203.55,205.8,195.05,195.7,196.95,,,,
KANANIIND,9.1,9.1,8.5,8.9,8.75,,,,
KANORICHEM,190.85,190.85,190.85,190.85,190.85,,,,
KANPRPLA,265,265,251,252.95,254,,,,
KANSAINER,606.9,615.05,603.05,613.1,613,,,,
KAPSTON,85.1,89.85,85.1,87.45,87.75,,,,
KARDA,16,16.55,15.25,16.4,16.45,,,,
KARMAENG,19.1,20.2,18.5,19.35,19,,,,
KARURVYSYA,42.6,44.5,42.4,43.55,43.45,,,,
KAUSHALYA,2.55,2.65,2.55,2.65,2.65,,,,
KAVVERITEL,9.1,9.1,9.1,9.1,9.1,,,,
KAYA,465.45,479.45,457.05,468.4,466.75,,,,
KCP,137.6,140.85,137.6,140.35,140.75,,,,
KCPSUGIND,21.7,22.75,21.6,22.35,22.75,,,,
KDDL,425,425,408,420.7,421.6,,,,
KEC,442.95,444.8,433.8,435.95,435,,,,
KECL,18.25,18.25,17.5,17.85,18,,,,
KEERTI,19.15,22.5,17.45,22.5,22.5,,,,
KEI,804.65,824.85,803.25,809.85,807.05,,,,
KELLTONTEC,49.05,54.95,48.75,54.2,54.25,,,,
KENNAMET,1449,1476,1411.05,1442.1,1442,,,,
KERNEX,63.4,64.95,60.35,62.1,62.5,,,,
KESORAMIND,87,88.9,86.1,88.15,88.3,,,,
KEYFINSERV,79.65,87.9,79.65,82.95,82.45,,,,
KHADIM,252,252,244.15,246.25,246.5,,,,
KHAICHEM,61,62.6,58.6,61.1,61.4,,,,
KHAITANLTD,36.75,36.75,36.75,36.75,36.75,,,,
KHANDSE,17.4,18.15,17.25,17.25,17.25,,,,
KHFM,46,49.5,46,48.45,48.45,,,,
KICL,2110,2146,2096,2126.85,2110,,,,
KILITCH,173.4,177.75,167.35,176.45,177.75,,,,
KIMS,1269,1287.35,1243.3,1256.45,1260,,,,
KINGFA,1085,1085,1049.9,1064.45,1058,,,,
KIOCL,263.2,267,263.15,263.95,263.8,,,,
KIRIINDUS,525,546,518.5,541.1,542,,,,
KIRLFER,239.7,241.25,237.75,239.6,239.9,,,,
KIRLOSBROS,369,376.95,360,366.9,366.8,,,,
KIRLOSENG,211.6,215.1,209.6,214.45,214.55,,,,
KIRLOSIND,1559,1615,1538.05,1602.95,1604,,,,
KITEX,174.4,174.9,170,170.8,171,,,,
KKCL,823.5,949,823.5,893.7,890,,,,
KMSUGAR,25.3,26.3,25,26.05,26.3,,,,
KNRCON,324,324,307,312.35,311,,,,
KOKUYOCMLN,68.75,69.65,68.1,68.4,68.7,,,,
KOLTEPATIL,299.7,307,292.25,295,293.9,,,,
KOPRAN,211.7,216,210.05,213.05,214,,,,
KOTAKBANK,1850,1879,1845.15,1867.75,1865,,,,
KOTAKBKETF,390.2,390.2,367.99,369.87,369.82,,,,
KOTAKGOLD,41.07,41.5,40.95,41.11,41.13,,,,
KOTAKIT,35.22,35.74,34.95,35.57,35.6,,,,
KOTAKNIFTY,187.82,187.82,182.78,182.93,183.2,,,,
KOTAKNV20,96.9,98,95.4,97.04,96.9,,,,
KOTAKPSUBK,227.11,232.98,227.11,228.37,229,,,,
KOTARISUG,33.55,34.25,33,33.7,33.5,,,,
KOTHARIPET,53.5,54.8,53.3,53.8,53.9,,,,
KOTHARIPRO,103.65,103.65,96.5,99.15,99.35,,,,
KOVAI,1730.85,1733.3,1695,1711.25,1719.9,,,,
KPIGLOBAL,120.35,125.65,120,125.6,125.65,,,,
KPITTECH,327.9,331.95,325.15,329.8,331,,,,
KPRMILL,2228,2286,2190,2236.9,2239,,,,
KRBL,261,268.5,260.9,263.5,262.7,,,,
KREBSBIO,161,162,156.05,156.6,156.5,,,,
KRIDHANINF,4.7,4.9,4.55,4.7,4.65,,,,
KRISHANA,172.05,177.4,171,172.35,172.45,,,,
KRITIKA,33,34.6,33,34.6,34.6,,,,
KRSNAA,885,894,860.25,864.15,865,,,,
KSB,1215,1245,1204,1207.1,1204.75,,,,
KSCL,606.9,611.5,604.05,609.9,610,,,,
KSHITIJPOL,36,39.8,36,39.8,39.8,,,,
KSL,393.85,395.8,388,389.65,389.5,,,,
KSOLVES,374.5,374.5,361.5,374.5,374.5,,,,
KTKBANK,68.4,68.8,66.25,66.7,66.85,,,,
KUANTUM,77.15,81.75,74.15,75.3,75.35,,,,
L&TFH,85.45,86.3,85.25,86.15,86.1,,,,
L&TFINANCE,1046.55,1047.11,1044,1044,1044,,,,
L&TFINANCE,1125.55,1130.01,1125.55,1130,1130.01,,,,
L&TFINANCE,1120,1130,1120,1120.35,1122,,,,
L&TFINANCE,1075,1075,1069.01,1069.01,1069.01,,,,
L&TFINANCE,1080,1090,1080,1090,1090,,,,
L&TFINANCE,1092.55,1092.55,1090,1090,1090,,,,
L&TFINANCE,1124,1124,1124,1124,1124,,,,
LAGNAM,40.95,40.95,39.25,39.65,39.25,,,,
LAKPRE,4.25,4.45,4.25,4.25,4.25,,,,
LALPATHLAB,4170.45,4174.05,4122.05,4141.7,4138,,,,
LAMBODHARA,83.4,86,82.2,84.05,84.6,,,,
LAOPALA,295.8,298,290.6,292.5,292.1,,,,
LASA,74.35,76.65,72.5,73.1,73.25,,,,
LAURUSLABS,648,666,644.2,651.15,649.8,,,,
LAXMICOT,26.25,26.25,26.25,26.25,26.25,,,,
LAXMIMACH,7961,7961,7835,7862,7856,,,,
LCCINFOTEC,2.1,2.1,2.1,2.1,2.1,,,,
LEMONTREE,40.35,40.55,39.75,39.95,40,,,,
LFIC,83.2,83.2,75.4,80.95,81.4,,,,
LGBBROSLTD,418,425.3,418,423.6,424.9,,,,
LGBFORGE,7.5,7.8,7.35,7.45,7.5,,,,
LIBAS,62.85,62.95,60.35,61.15,61,,,,
LIBERTSHOE,185,185.3,175.1,175.95,175.75,,,,
LICHSGFIN,420,421.95,417.15,419.6,419.7,,,,
LICNETFGSC,24.3,24.3,22.61,23.12,23,,,,
LICNETFN50,186.49,186.49,183,184.08,184.06,,,,
LICNETFSEN,630,640,620.6,628.89,625,,,,
LICNFNHGP,174.3,176.88,174,175.64,176.2,,,,
LIKHITHA,398.6,399,393.85,395.35,396.4,,,,
LINCOLN,387.45,393,380.05,384.05,383.5,,,,
LINCPEN,229,234.7,219,220.5,221.25,,,,
LINDEINDIA,2670,2739.8,2622.95,2667.2,2667.05,,,,
LIQUIDBEES,1003.4,1003.4,998,999.99,999.99,,,,
LIQUIDETF,999.99,1000.01,999.99,1000,1000.01,,,,
LODHA,1069.9,1069.9,1045,1048.6,1046,,,,
LOKESHMACH,49.8,49.9,48.1,48.95,49,,,,
LOTUSEYE,49,49,46.6,47.95,48.7,,,,
LOVABLE,116.95,119.1,116,117.15,117.45,,,,
LPDC,4,4.25,4,4.2,4.2,,,,
LSIL,3.2,3.2,3.05,3.2,3.2,,,,
LT,1676,1698.8,1675.4,1696.45,1696.5,,,,
LTI,5499.9,5670,5495,5580.4,5589,,,,
LTTS,4396.95,4556.25,4368.5,4544,4532,,,,
LUMAXIND,1485,1490,1454.8,1468.15,1470,,,,
LUMAXTECH,141,142.35,140,141.4,141.85,,,,
LUPIN,984.5,990.1,979.05,982.65,981.5,,,,
LUXIND,4200,4200,4005,4038.35,4077,,,,
LXCHEM,562.8,569.65,561.2,569.65,569.65,,,,
LYKALABS,80.8,83.1,79.65,83.1,83.1,,,,
LYPSAGEMS,4.65,4.65,4.4,4.55,4.6,,,,
M&M,744.8,752.55,744.65,750.2,750.4,,,,
M&MFIN,169.1,170.95,168.55,168.95,168.75,,,,
M&MFIN,1085.25,1085.25,1085.25,1085.25,1085.25,,,,
M14RG,13.72,13.72,13.72,13.72,13.72,,,,
M15RG,13.21,13.21,13.21,13.21,13.21,,,,
MAANALU,135.4,138.2,134,135.05,136,,,,
MACPOWER,183.95,184,180,181.1,180.6,,,,
MADHAV,57.1,57.35,56,56.1,56,,,,
MADHUCON,4.5,4.9,4.5,4.85,4.85,,,,
MADRASFERT,29.15,29.9,29.15,29.35,29.25,,,,
MAESGETF,30,30.1,29.94,30,30,,,,
MAFANG,55.2,55.2,54.1,54.33,54.35,,,,
MAFSETF,18.4,18.4,18.06,18.1,18.06,,,,
MAGADSUGAR,290,301.15,282.9,297.8,300,,,,
MAGNUM,8,8.3,7.65,8.05,7.8,,,,
MAHABANK,18.1,18.5,18.1,18.2,18.25,,,,
MAHAPEXLTD,94.4,94.4,90.7,91.15,93.3,,,,
MAHASTEEL,92.5,94.45,92.1,92.75,92.75,,,,
MAHEPC,138.6,141.45,135.1,140.5,140.65,,,,
MAHESHWARI,103.8,104.05,100.35,102.5,102,,,,
MAHINDCIE,234.7,234.8,228.35,230.95,232.4,,,,
MAHLIFE,281,283.45,275.3,278.5,280,,,,
MAHLOG,709.9,717.8,695.8,699.95,697,,,,
MAHSCOOTER,4450.8,4530,4425,4449.8,4445,,,,
MAHSEAMLES,317.75,318.65,314.8,315.15,315.4,,,,
MAITHANALL,1020,1038,997.65,1002.3,1001.5,,,,
MAJESCO,92,92.25,88.2,89.35,89.35,,,,
MALUPAPER,34.5,35.35,34.5,34.7,34.65,,,,
MAN50ETF,178.63,179.74,178.6,178.61,178.6,,,,
MANAKALUCO,20.15,21.8,20.15,21.8,21.8,,,,
MANAKCOAT,13.25,13.25,12,12.4,12.5,,,,
MANAKSIA,68,68.45,66.9,67.85,68.05,,,,
MANAKSTEEL,36.4,36.8,35.45,35.9,35.7,,,,
MANALIPETC,92.95,94.9,91.6,93.7,94.7,,,,
MANAPPURAM,165.4,166.9,165.2,166.2,166.75,,,,
MANGALAM,152.9,153.6,150,150.4,150,,,,
MANGCHEFER,74.7,76.6,74.1,75.2,75.5,,,,
MANGLMCEM,463.05,476.3,462.1,463.5,462.15,,,,
MANGTIMBER,16.9,16.9,15.35,16.1,16.1,,,,
MANINDS,114,116.9,112.85,113.8,113.95,,,,
MANINFRA,78.45,87,77.4,85.75,86.75,,,,
MANUGRAPH,13.25,13.25,12.55,12.9,13.1,,,,
MANXT50,430.19,431.06,428.13,429.81,429.81,,,,
MARALOVER,80.5,83.55,79.25,80.3,79.25,,,,
MARATHON,86.25,88.7,85.5,86.25,86.6,,,,
MARICO,575,582.1,555.9,558.3,559.25,,,,
MARINE,37.35,38,37.1,37.25,37.3,,,,
MARKSANS,71.6,72.7,71.35,72.1,72.25,,,,
MARSHALL,31.9,31.9,31.9,31.9,31.9,,,,
MARUTI,6910,6955,6851.1,6894.45,6893,,,,
MASFIN,772.5,799,772.5,785.5,790,,,,
MASKINVEST,39.05,39.05,37.2,39.05,39.05,,,,
MASTEK,2939.95,2948,2881.55,2897.3,2899,,,,
MATRIMONY,1042.6,1042.6,1014.45,1022.55,1024.3,,,,
MAWANASUG,83.5,85.35,81.4,84.6,85.35,,,,
MAXHEALTH,389.9,402.5,383.65,397.1,395.55,,,,
MAXIND,73,74.5,72.65,73.75,73.5,,,,
MAXVIL,93.3,97.75,92.6,95.85,96,,,,
MAYURUNIQ,481.3,491.7,480,483.2,482,,,,
MAZDA,624.9,626,601,621.65,620,,,,
MAZDOCK,247,254,247,250,250.1,,,,
MBAPL,182.5,184.15,175,178.1,179.5,,,,
MBECL,6.55,6.55,6.35,6.55,6.55,,,,
MBLINFRA,18.95,19.35,18.5,18.7,18.7,,,,
MCDHOLDING,57.75,57.75,52.75,57.75,57.75,,,,
MCDOWELL-N,754.6,771.8,752.5,758.9,758.8,,,,
MCL,38.8,38.8,38.1,38.35,38.4,,,,
MCLEODRUSS,26.75,29.55,26.75,29.55,29.55,,,,
MCX,1632,1642,1611,1613.5,1615,,,,
MEGASOFT,22.4,22.45,20.35,20.35,20.35,,,,
MELSTAR,3.65,3.65,3.35,3.65,3.65,,,,
MENONBE,76.95,76.95,74.4,74.8,74.8,,,,
MEP,20.5,22.75,20.5,22.65,22.75,,,,
MERCATOR,1.9,1.9,1.85,1.9,1.9,,,,
METALFORGE,5,5.4,5,5.25,5.25,,,,
METROPOLIS,3094,3094,3029,3077.45,3077,,,,
MFL,680,740.4,677.15,740.4,740.4,,,,
MFSL,1101,1115.4,1088.1,1093.7,1091.3,,,,
MGEL,51.55,52.85,50,51.3,51.9,,,,
MGL,1185,1195,1183.1,1189.05,1188,,,,
MHHL,21.6,21.95,20.3,21.95,21.95,,,,
MHRIL,236.35,237.6,231.5,232.5,232,,,,
MIDHANI,186.6,189.8,186.2,188.5,188.7,,,,
MINDACORP,128.95,128.95,126.4,126.9,126.65,,,,
MINDAIND,702.4,713.75,697.55,704.8,704,,,,
MINDSPACE,299.09,301.75,296,297.05,298,,,,
MINDTECK,92.3,92.3,86.75,88.4,88.2,,,,
MINDTREE,3942.5,3964,3890.2,3936,3932,,,,
MIRCELECTR,16,16.85,15.85,16.85,16.85,,,,
MIRZAINT,59.6,60.2,58.8,59.15,59.05,,,,
MITCON,61.95,61.95,59.5,61.95,61.95,,,,
MITTAL,10.8,10.8,10.05,10.3,10.4,,,,
MMFL,829.85,833,809,826.4,833,,,,
MMP,171.45,172,166,168.1,168,,,,
MMTC,45.9,46.8,45.85,46,45.95,,,,
MODIRUBBER,100.95,100.95,100.95,100.95,100.95,,,,
MODISNME,72.5,75.45,72.5,74.4,74.6,,,,
MOGSEC,54,54,48.78,48.8,48.8,,,,
MOHITIND,12.65,12.65,12,12.4,12.4,,,,
MOHOTAIND,9.9,9.95,9.1,9.3,9.5,,,,
MOIL,163,170,163,168.4,168.4,,,,
MOKSH,37.5,37.65,36.6,37,37.15,,,,
MOL,114.55,125.4,114.55,120.25,120.95,,,,
MOLDTECH,79.5,82.7,77.7,82.7,82.7,,,,
MOLDTEKPP,384.6,429.9,370.1,413,424.95,,,,
MOLDTKPAC,528.7,598,523.05,577.6,578,,,,
MOLDTKPAC,373,410,373,406.95,391.1,,,,
MOM100,31.65,32.12,30.9,31.3,31.2,,,,
MOM50,172,173.48,171.21,171.41,171.41,,,,
MON100,111.8,113.5,111.8,112.35,112.3,,,,
MONTECARLO,370.05,378.1,370.05,371.85,371,,,,
MORARJEE,16.95,17.4,16.4,16.45,16.65,,,,
MOREPENLAB,59.25,61.9,59.1,60.65,60.55,,,,
MOTHERSUMI,215,223.3,213.25,221.95,222.75,,,,
MOTILALOFS,770.25,789,770.25,786.5,786.3,,,,
MOTOGENFIN,26.95,27.3,26,26.35,26.5,,,,
MPHASIS,3015,3067,2984,3055.45,3051,,,,
MPSLTD,704,704.45,682,687.75,689,,,,
MRF,80230,80847.05,80052.05,80423.85,80335,,,,
MRO-TEK,48.55,48.55,44.2,48.55,48.55,,,,
MRPL,43.3,43.65,43.2,43.3,43.25,,,,
MSPL,9.9,10.15,9.8,9.85,9.9,,,,
MSTCLTD,320.3,324.7,310.6,313.25,312.85,,,,
MTARTECH,1425,1435,1411.6,1419.65,1418,,,,
MTEDUCARE,7.95,8.6,7.8,8.6,8.6,,,,
MTNL,18.25,19.45,18.25,18.6,18.7,,,,
MUKANDLTD,146.8,149.9,144,144.35,145.45,,,,
MUKTAARTS,38.5,38.5,37.65,37.7,38.1,,,,
MUNJALAU,56.75,58.5,56.75,57.75,57.75,,,,
MUNJALSHOW,133.6,135.65,133.05,134.15,134.6,,,,
MURUDCERA,25.6,26,25.3,25.65,25.6,,,,
MUTHOOTCAP,396.7,402.65,396.7,399.55,400.5,,,,
MUTHOOTFIN,1550,1560,1537.6,1542.4,1542,,,,
NABARD,1240.3,1243.5,1240,1241.65,1241,,,,
NACLIND,71.8,72.4,70.65,71.95,71.55,,,,
NAGAFERT,11.2,11.6,10.6,11.4,11.6,,,,
NAGREEKCAP,7.7,7.7,7.7,7.7,7.7,,,,
NAGREEKEXP,33.15,35.6,33.15,33.7,34.3,,,,
NAHARCAP,268.2,279,268.2,274.35,272.05,,,,
NAHARINDUS,113,118,113,115.7,116,,,,
NAHARPOLY,231,253,230.95,248.95,249,,,,
NAHARSPING,400.05,413.9,400.05,404.55,407,,,,
NAM-INDIA,439.95,442.35,434.3,437.85,437,,,,
NATCOPHARM,979,979,964,975.65,975.1,,,,
NATHBIOGEN,336,337.95,332.15,333.1,334.9,,,,
NATIONALUM,100.95,101.2,97.9,98.15,98,,,,
NATNLSTEEL,4.1,4.1,4,4.05,4.05,,,,
NAUKRI,6647,6932.8,6601.65,6722.5,6683,,,,
NAVINFLUOR,4042.9,4058,3985.05,4008.1,4005,,,,
NAVKARCORP,43.1,43.55,43,43.15,43.15,,,,
NAVNETEDUL,101,103.3,100.55,102.05,102.25,,,,
NAZARA,1930,2088.85,1930,2035.25,2044.1,,,,
NBCC,43.4,45.5,43.3,45.25,45.4,,,,
NBIFIN,2762.35,2815.1,2762.35,2779.4,2789.95,,,,
NBVENTURES,115.1,117.4,115.05,115.55,115.75,,,,
NCC,78.6,81,78.55,79.85,79.9,,,,
NCLIND,238.5,243.75,238.15,241.35,239.95,,,,
NCPSESDL24,106.86,106.86,106.77,106.81,106.81,,,,
NDGL,1460,1460,1405,1423.2,1439,,,,
NDL,77,78.65,76.05,76.65,77,,,,
NDRAUTO,394,410,394,404.85,404.95,,,,
NDTV,73.9,74.95,72.85,73.75,74,,,,
NECCLTD,20.5,20.75,20,20.4,20.45,,,,
NECLIFE,29.2,30.2,29.15,29.6,29.7,,,,
NELCAST,90.4,91.5,89,90.35,91,,,,
NELCO,544,559,534,536.2,537.9,,,,
NEOGEN,1178.3,1187.8,1146.75,1158.2,1162,,,,
NESCO,597.25,604.65,590.6,594.9,593.7,,,,
NESTLEIND,20450,20609.15,20180,20230.45,20242,,,,
NETF,215.02,215.02,215.02,215.02,215.02,,,,
NETFCONSUM,78.07,78.48,75.47,77.38,77.4,,,,
NETFDIVOPP,44.91,45.7,44.44,44.83,44.77,,,,
NETFGILT5Y,48.85,48.85,48.82,48.83,48.83,,,,
NETFIT,35.9,36.1,35.8,35.99,35.89,,,,
NETFLTGILT,22.75,22.81,22.6,22.61,22.74,,,,
NETFMID150,118.82,118.82,112.22,113.74,113.76,,,,
NETFNIF100,175.29,185.95,175.29,182.78,182.45,,,,
NETFNV20,96.5,98.5,96.22,98,98,,,,
NETFPHARMA,14.6,14.6,14.32,14.47,14.46,,,,
NETFSDL26,105.89,105.89,105.89,105.89,105.89,,,,
NETWORK18,51.75,54.5,51.2,54.2,54.15,,,,
NEULANDLAB,1786,1786,1701,1731.35,1730,,,,
NEWGEN,601.4,619.1,590.1,614.55,612,,,,
NEXTMEDIA,4.3,4.75,4.3,4.6,4.6,,,,
NFL,54.55,56.2,54.25,55.15,55.35,,,,
NGIL,101,102.3,99.45,102.2,102.3,,,,
NH,533.9,562,532,545.05,544.1,,,,
NHAI,1096,1098,1094,1095.1,1095.1,,,,
NHAI,1282.3,1287.5,1282,1283.48,1283.11,,,,
NHAI,1181,1181,1181,1181,1181,,,,
NHAI,1317.5,1317.5,1301,1313.32,1317.5,,,,
NHAI,1131,1133,1131,1133,1133,,,,
NHAI,1240,1241.5,1238,1240.7,1240.5,,,,
NHAI,1158,1179.99,1158,1179.99,1179.99,,,,
NHAI,1294,1294,1294,1294,1294,,,,
NHAI,1275.65,1277,1275.01,1275.32,1275.01,,,,
NHBTF2014,7132,7132,7132,7132,7132,,,,
NHBTF2014,7175,7180,7175,7178,7178,,,,
NHBTF2023,6540.2,6540.2,6540,6540.1,6540,,,,
NHPC,27.6,27.7,27.3,27.6,27.65,,,,
NIACL,167,173.6,165.2,172.05,171.55,,,,
NIBL,20,20,19.45,19.5,19.5,,,,
NIFTYBEES,214.83,214.83,180.16,187.54,187.7,,,,
NIFTYEES,22201,22798,22201,22798,22798,,,,
NIITLTD,317.8,323.8,311.1,315.25,317.75,,,,
NILAINFRA,5.55,5.65,5.45,5.45,5.5,,,,
NILASPACES,1.75,1.75,1.65,1.65,1.7,,,,
NILKAMAL,2797.7,2805.65,2731.4,2757.85,2759,,,,
NIPPOBATRY,1032,1047.05,1025,1034.35,1039.15,,,,
NIRAJ,44.65,44.65,43.25,43.35,43.25,,,,
NITCO,23,23,22.1,22.25,22.3,,,,
NITINFIRE,1.4,1.5,1.4,1.5,1.4,,,,
NITINSPIN,226.8,227.35,216,218.2,217,,,,
NITIRAJ,46.9,46.9,44.55,46,46,,,,
NKIND,35.25,37,33.55,37,37,,,,
NLCINDIA,53.45,54.45,53,53.7,53.65,,,,
NMDC,152.1,153.7,151.1,151.9,151.95,,,,
NOCIL,292,295.75,287.5,293,291.55,,,,
NOIDATOLL,5.9,6.05,5.8,5.95,6,,,,
NORBTEAEXP,6.3,6.6,6.3,6.6,6.6,,,,
NOVARTIND,849.7,862,836,851.75,851,,,,
NPBET,194.4,194.4,185.1,190.26,187.2,,,,
NPST,70.65,73.95,70.2,70.2,70.2,,,,
NRAIL,318.1,334,318.1,329,329,,,,
NRBBEARING,141.25,141.7,139.25,140.15,140,,,,
NSIL,1664.85,1714.65,1663.05,1677.25,1675,,,,
NTL,2.4,2.4,2.25,2.25,2.25,,,,
NTPC,115.25,116.15,114.8,115.9,115.8,,,,
NTPC,1679.9,1679.9,1600,1600,1600,,,,
NTPC,1230,1230,1230,1230,1230,,,,
NTPC,13.87,13.9,13.81,13.86,13.86,,,,
NTPC,1369.99,1369.99,1369.99,1369.99,1369.99,,,,
NUCLEUS,545,550,530.15,536.9,536,,,,
NURECA,1623,1663.5,1623,1646.25,1642.05,,,,
NUVOCO,542.55,555.5,542.55,552.05,555,,,,
NXTDIGITAL,424,427.75,412.55,418.25,415,,,,
OAL,1035.85,1100,1021,1046.6,1059.9,,,,
OBEROIRLTY,760.8,784.5,759.15,770.6,771.5,,,,
OCCL,1113.8,1150,1096.15,1142.05,1141.05,,,,
OFSS,4889,4899.95,4825,4832.9,4827.9,,,,
OIL,194.4,200.7,194.35,198.4,198.4,,,,
OILCOUNTUB,6.5,6.95,6.5,6.6,6.65,,,,
OLECTRA,397.25,397.25,382,397.25,397.25,,,,
OMAXAUTO,47,48.1,45.5,47,47.2,,,,
OMAXE,76,76.85,73.2,73.6,73.8,,,,
OMINFRAL,28.85,28.85,28.35,28.5,28.5,,,,
OMKARCHEM,18.75,18.8,17.6,17.85,17.9,,,,
ONELIFECAP,19.45,19.45,17.9,18.4,18.6,,,,
ONEPOINT,37.05,40,37,37.15,38.85,,,,
ONGC,123.3,125.4,122.8,123.95,123.85,,,,
ONMOBILE,116.75,118.3,115.5,115.85,115.65,,,,
ONWARDTEC,234.45,235.05,228.35,229.8,229.05,,,,
OPTIEMUS,291.3,291.3,291.3,291.3,291.3,,,,
OPTOCIRCUI,3.75,3.8,3.65,3.7,3.7,,,,
ORBTEXP,76.9,78,75.05,76.1,76.25,,,,
ORCHPHARMA,436.5,437,426.9,427.45,427,,,,
ORICONENT,31.3,32.85,31.1,32.85,32.85,,,,
ORIENTABRA,30,30.5,30,30.25,30.15,,,,
ORIENTALTL,8.5,8.95,8.35,8.5,8.55,,,,
ORIENTBELL,341.05,348.7,338.2,341.4,344.9,,,,
ORIENTCEM,163.5,167.45,163.5,163.8,164.15,,,,
ORIENTELEC,342,360,342,357.95,359,,,,
ORIENTHOT,36.5,36.6,35.8,36,36.05,,,,
ORIENTLTD,67.9,70.95,66.85,69.9,70,,,,
ORIENTPPR,30.45,30.6,30.15,30.25,30.25,,,,
ORISSAMINE,2990,3013.3,2899.85,2932.6,2940,,,,
ORTEL,1.2,1.2,1.2,1.2,1.2,,,,
ORTINLAB,29.5,29.55,28.2,28.7,28.55,,,,
OSIAHYPER,221.5,221.5,220,220.85,220,,,,
OSWALAGRO,17.6,18.15,17.2,18.15,18.15,,,,
OSWALSEEDS,30.6,30.6,30.6,30.6,30.6,,,,
PAEL,6.25,6.4,6,6,6,,,,
PAGEIND,32007.75,32850,32007.75,32590.45,32700,,,,
PAISALO,796.9,796.9,751.55,764.4,761.5,,,,
PALASHSECU,74.15,74.2,72.35,72.5,72.5,,,,
PALREDTEC,126.95,129.45,122.1,122.95,122.25,,,,
PANACEABIO,291.4,299.95,290,296.8,298,,,,
PANACHE,59,59,56.5,58,58,,,,
PANAMAPET,264,265,258.5,260.35,262,,,,
PAR,117,123.75,117,123.75,123.75,,,,
PARACABLES,12.7,13.25,12.55,13.15,13.25,,,,
PARAGMILK,134.25,134.45,130.15,131.1,130.65,,,,
PARSVNATH,17.1,17.7,16.65,17,16.95,,,,
PARTYCRUS,22.95,22.95,22.95,22.95,22.95,,,,
PATELENG,16.75,17.4,16.55,16.8,16.9,,,,
PATINTLOG,23.95,24.5,23.15,24.25,24.5,,,,
PATSPINLTD,9.05,9.05,8.45,8.75,8.75,,,,
PBAINFRA,11.05,11.05,10.5,11,11,,,,
PCHFL,1006.01,1020.99,1006.01,1020.99,1020.99,,,,
PCHFL,1020,1020,1020,1020,1020,,,,
PCHFL,1030,1030,1030,1030,1030,,,,
PCJEWELLER,24.95,25.3,24.5,24.85,24.95,,,,
PDMJEPAPER,40.5,41.4,40.5,40.75,40.7,,,,
PDSMFL,1260,1349.85,1251,1313.25,1348,,,,
PEARLPOLY,16.2,16.2,15.7,15.75,15.85,,,,
PEL,2570.65,2658.65,2570.65,2648.7,2654.9,,,,
PENIND,29.75,31.5,29.75,30.7,30.55,,,,
PENINLAND,11.25,12.2,11.25,12,11.85,,,,
PENTAGOLD,67,67,67,67,67,,,,
PERFECT,11,11,11,11,11,,,,
PERSISTENT,3610.95,3630.55,3570,3587.6,3590,,,,
PETRONET,231,232.1,230.25,231.05,230.9,,,,
PFC,139,140.6,137.7,138.25,138.15,,,,
PFC,1087,1088.56,1087,1088.56,1088.56,,,,
PFC,1269.9,1269.9,1260,1260,1260,,,,
PFC,1145,1145,1145,1145,1145,,,,
PFC,1458,1458,1457,1457.22,1457,,,,
PFIZER,6090.4,6119.15,6022.35,6052.55,6050,,,,
PFOCUS,96.45,96.45,87.35,87.35,87.35,,,,
PFS,17.9,18.25,17.85,18,18.05,,,,
PGEL,376.95,403.9,370.1,397.6,401.05,,,,
PGHH,14329.9,14498,13799.2,13884.35,13940.4,,,,
PGHL,5540,5550,5453.05,5501.05,5510,,,,
PGIL,320.15,326.85,312.4,321.3,321,,,,
PGINVIT,120.9,121.48,120,120.84,120.7,,,,
PHILIPCARB,251,254.3,246.35,251.2,251.5,,,,
PHOENIXLTD,856,864.3,837,843.95,846,,,,
PIDILITIND,2415.5,2424,2390,2408.85,2412,,,,
PIIND,3447,3534.9,3445,3497.6,3480,,,,
PILANIINVS,1890,1901.45,1851.25,1863.1,1868,,,,
PILITA,7.75,7.75,7.4,7.5,7.5,,,,
PIONDIST,152.4,155.2,149.65,150.75,151.35,,,,
PIONEEREMB,68.1,69.45,65.05,65.55,65.6,,,,
PITTIENG,169,169.05,159,161.45,161.05,,,,
PKTEA,347.75,348.1,333.25,335.8,335.75,,,,
PLASTIBLEN,268.05,288.7,268.05,281.35,279,,,,
PNB,37.75,38.35,37.65,37.8,37.8,,,,
PNBGILTS,66.4,66.4,65.75,65.9,66,,,,
PNBHOUSING,644,655,615.35,634.1,633.3,,,,
PNC,34.9,38.6,34.25,38.3,38.6,,,,
PNCINFRA,364.7,365.5,359.25,361.95,361.1,,,,
PODDARHOUS,191.7,191.75,182,184.5,185,,,,
PODDARMENT,367,381.9,365.35,377.75,379.8,,,,
POKARNA,511.6,520.7,500,504.1,500.5,,,,
POLYCAB,2460,2489.8,2438.1,2462.95,2466.15,,,,
POLYMED,1009.75,1019,996.05,999.85,999.9,,,,
POLYPLEX,1824,1894,1785.05,1798.2,1802.9,,,,
PONNIERODE,241,249.55,238,246.8,249.55,,,,
POONAWALLA,184.7,186.6,179.5,180.15,180.9,,,,
POWERGRID,173.9,175.1,173.5,174.1,173.85,,,,
POWERINDIA,2359,2473,2335.1,2389.9,2384,,,,
POWERMECH,842.7,854.9,821.8,834.6,832.5,,,,
PPAP,241.1,245.5,241.1,244.85,245.5,,,,
PPL,165.2,170.5,165,167.65,167.9,,,,
PRAENG,18.55,18.8,18,18.65,18.5,,,,
PRAJIND,358,363.7,349,355.4,355,,,,
PRAKASH,69.5,71.45,69.3,71.1,70.95,,,,
PRAKASHSTL,2,2.15,2,2.15,2.15,,,,
PRAXIS,31.2,32.1,31.15,31.15,31.15,,,,
PRECAM,83.95,86.95,82.5,85.15,85.5,,,,
PRECOT,246.1,246.15,236.9,238.8,238,,,,
PRECWIRE,235.05,238.2,232.7,234,234.4,,,,
PREMEXPLN,232.05,239.4,232.05,238.2,236.1,,,,
PREMIER,3.6,3.65,3.35,3.55,3.65,,,,
PREMIERPOL,76.3,76.3,73.5,73.65,73.5,,,,
PRESSMN,29,29,27.8,28.35,28.15,,,,
PRESTIGE,435.75,444.4,424.2,433.9,432.5,,,,
PRICOLLTD,94.5,96,93.45,93.9,93.75,,,,
PRIMESECU,82.95,83,81,82.5,82.7,,,,
PRINCEPIPE,734,734,711.1,715.05,717.8,,,,
PRITI,233.6,239.95,230.1,230.1,230.1,,,,
PRITIKAUTO,18.45,18.7,18.1,18.15,18.2,,,,
PRIVISCL,1924.4,1924.4,1836,1856.5,1850.1,,,,
PROINDIA,53.8,53.8,53.75,53.8,53.8,,,,
PROZONINTU,28.35,29,28.2,28.4,28.4,,,,
PRSMJOHNSN,126.95,127.6,123.8,124.15,124.1,,,,
PSB,16.6,17.15,16.6,16.85,16.9,,,,
PSPPROJECT,433.1,434.7,425,426.5,427.2,,,,
PSUBNKBEES,25.79,25.79,25.4,25.58,25.66,,,,
PTC,100.15,100.4,97.9,98.1,98.15,,,,
PTL,48.1,48.15,47.5,47.7,47.75,,,,
PULZ,15.15,15.15,15.15,15.15,15.15,,,,
PUNJABCHEM,1788.5,1850,1771.05,1786.4,1793,,,,
PUNJLLOYD,1.7,1.7,1.65,1.7,1.7,,,,
PURVA,110,113.6,109.15,109.9,110,,,,
PVP,4.75,4.8,4.55,4.6,4.65,,,,
PVR,1395,1418,1393.5,1407.35,1406.85,,,,
QGOLDHALF,2028.25,2028.25,2015.25,2025,2024,,,,
QNIFTY,1807,1813,1807,1811,1811,,,,
QUESS,853.85,890,848,865.65,860.3,,,,
QUICKHEAL,222.6,233.55,222.6,226.35,227.35,,,,
RADAAN,1.35,1.35,1.25,1.35,1.35,,,,
RADICO,900.75,925,890.1,895.05,894.75,,,,
RADIOCITY,23.1,24.1,23.05,23.55,23.6,,,,
RAILTEL,127.9,133.3,127.55,131.95,131.8,,,,
RAIN,245.1,247.55,240.3,242.65,242.85,,,,
RAJESHEXPO,609.95,609.95,603.6,606.9,606.65,,,,
RAJMET,136.5,137.9,136,137.8,137.85,,,,
RAJRATAN,2003,2049,2003,2033.95,2039,,,,
RAJRAYON,0.25,0.25,0.2,0.25,0.25,,,,
RAJSREESUG,27.7,28.2,26.55,27.45,28.2,,,,
RAJTV,34.75,35.5,34.05,35.15,35.5,,,,
RALLIS,292.35,299.55,291.15,293.05,293.75,,,,
RAMANEWS,19.25,19.5,18,18.95,19,,,,
RAMASTEEL,235,245,232.5,243.2,244.2,,,,
RAMCOCEM,1059.8,1060.95,1044.75,1047.8,1047.5,,,,
RAMCOIND,323.75,327.5,313.25,317.1,316.4,,,,
RAMCOSYS,465.5,466.95,458.15,462.1,464.15,,,,
RAMKY,153,154,148.1,149.65,151,,,,
RANASUG,26.2,27.35,25.55,27.05,27.35,,,,
RANEENGINE,284.3,329.8,284.3,313.6,313.55,,,,
RANEHOLDIN,621,657.7,621,639.8,638,,,,
RATNAMANI,2174.95,2174.95,2145,2159.6,2160,,,,
RAYMOND,433.65,436.7,430.95,433.65,434.05,,,,
RBL,919.95,967.95,919.95,941.05,937,,,,
RBLBANK,173.6,175.8,173.3,175.35,175.5,,,,
RCF,73.9,75.1,73.55,74.6,75,,,,
RCOM,3.2,3.2,3.05,3.1,3.15,,,,
RECLTD,159.25,159.5,156.75,157.45,157.6,,,,
RECLTD,1086.7,1089,1086.7,1089,1089,,,,
RECLTD,1201,1201.01,1201,1201.01,1201.01,,,,
RECLTD,1285.2,1285.2,1285.2,1285.2,1285.2,,,,
RECLTD,1309.99,1309.99,1299.99,1300.25,1300.5,,,,
RECLTD,1209.98,1213.7,1209.98,1213.7,1213.7,,,,
REDINGTON,151.7,152.95,143,144.15,143.9,,,,
REFEX,163.8,173.4,162.2,164.55,164.8,,,,
REGENCERAM,1.8,1.8,1.8,1.8,1.8,,,,
RELAXO,1210,1225,1185.8,1205.85,1210,,,,
RELCAPITAL,19.7,19.7,19.7,19.7,19.7,,,,
RELIABLE,32.35,32.35,32.35,32.35,32.35,,,,
RELIANCE,2375,2394,2366,2368.45,2370.5,,,,
RELIANCEP1,1739.7,1753.7,1727,1730.45,1731,,,,
RELIGARE,153.4,158.8,152.5,154.6,154.55,,,,
RELINFRA,81.75,81.75,81.75,81.75,81.75,,,,
REMSONSIND,210,222,209,219.9,222,,,,
RENUKA,26.5,27.4,25.6,27.35,27.4,,,,
REPCOHOME,299.5,304,297.6,300,300,,,,
REPL,227.75,231.7,215.05,219.75,221,,,,
REPRO,573.5,579,555,560,557.5,,,,
RESPONIND,129.2,132.95,128.05,132.15,132.9,,,,
REVATHI,587,587,548.25,558.25,560.9,,,,
REXPIPES,55.65,55.65,55.65,55.65,55.65,,,,
RGL,771,779.8,752.65,761.2,753.15,,,,
RHFL,4.6,4.6,4.55,4.6,4.6,,,,
RHFL,164.1,164.1,164.1,164.1,164.1,,,,
RHIM,397.8,407,391.6,400.45,401,,,,
RICOAUTO,49.5,49.65,48.8,48.95,49.15,,,,
RIIL,704.9,709.8,690,693.45,693.5,,,,
RITES,274.9,278.75,270.95,275.3,275.5,,,,
RKDL,12.6,12.75,12.1,12.35,12.25,,,,
RKEC,82.9,84.6,80.2,83.15,83.2,,,,
RKFORGE,1000,1035,1000,1018.5,1025.9,,,,
RMCL,2.15,2.15,2,2.05,2.15,,,,
RML,387.45,408,387.45,399.5,397.5,,,,
RNAVAL,3,3.05,2.95,3.05,3.05,,,,
ROHITFERRO,3.75,3.75,3.75,3.75,3.75,,,,
ROHLTD,81.5,83.75,80.5,82.6,82.05,,,,
ROLEXRINGS,1085,1094.4,1070.1,1077.1,1074,,,,
ROLLT,2.25,2.3,2.2,2.25,2.25,,,,
ROLTA,6,6.05,5.8,5.95,6,,,,
ROML,124,124.3,120,124.3,124.3,,,,
ROSSARI,1405,1432.7,1397.25,1422.4,1426.5,,,,
ROSSELLIND,171,172.4,165.65,166.5,167,,,,
ROUTE,2038,2054,2008,2013.15,2016,,,,
RPGLIFE,616,629,607.1,612.7,614,,,,
RPOWER,14.55,14.55,13.45,13.85,13.85,,,,
RPPINFRA,84.5,86.05,82.5,82.8,82.9,,,,
RPPL,163.95,164,163.1,163.1,163.1,,,,
RPSGVENT,794,853.7,791.8,844.5,850,,,,
RSSOFTWARE,33.5,34.8,33.4,34,34.05,,,,
RSWM,322.7,330,319.1,325.2,327,,,,
RSYSTEMS,208.65,211,207.35,209,209.5,,,,
RTNINDIA,46.5,47,44.7,45.6,45.75,,,,
RTNPOWER,4.65,4.8,4.6,4.65,4.7,,,,
RUBYMILLS,303.5,303.5,293.25,296.6,293.5,,,,
RUCHI,1070,1080,1060.05,1063.7,1066,,,,
RUCHINFRA,7.25,7.4,6.75,7.2,7.2,,,,
RUCHIRA,79.45,80,78.55,79.8,80,,,,
RUPA,469.4,472.3,461.1,465.5,465,,,,
RUSHIL,265,275.95,262.8,268.75,268,,,,
RVHL,23.95,23.95,22.7,23.5,23.9,,,,
RVNL,30.35,30.7,30.1,30.3,30.3,,,,
S&SPOWER,21.35,23.55,21.35,23.55,23.55,,,,
SABEVENTS,3.1,3.15,2.95,3.15,3,,,,
SABTN,1.6,1.7,1.6,1.7,1.7,,,,
SADBHAV,51,51.9,50.5,51,51.2,,,,
SADBHIN,15.55,16,14.85,15.85,15.95,,,,
SAFARI,879.7,879.7,848,853.65,850.25,,,,
SAGARDEEP,38.9,41.75,38.6,39.2,39.8,,,,
SAGCEM,276.95,276.95,273,274.35,273.5,,,,
SAIL,120.95,121.7,119.7,120.65,120.7,,,,
SAKAR,166,166,159.65,160.75,162,,,,
SAKHTISUG,15.25,15.65,14.9,15.45,15.6,,,,
SAKSOFT,900,1000,899.1,993.25,989,,,,
SAKUMA,11.35,11.55,11.05,11.35,11.3,,,,
SALASAR,294,296.2,289.7,291.5,290.45,,,,
SALONA,204,206.3,201.75,202.5,202.05,,,,
SALSTEEL,10.75,11.4,10.5,10.85,11,,,,
SALZERELEC,161.6,163.55,159.7,160.35,160.8,,,,
SAMBHAAV,2.8,2.9,2.7,2.85,2.85,,,,
SANCO,8.6,8.6,8.2,8.35,8.35,,,,
SANDESH,783.1,804.9,775,793.2,799,,,,
SANDHAR,278,290,278,282.8,283.45,,,,
SANGAMIND,137.75,146.65,137.75,146.65,146.65,,,,
SANGHIIND,70.4,71.95,69.5,69.65,69.6,,,,
SANGHVIMOV,178.2,182.3,178.2,179.45,179.9,,,,
SANGINITA,27.4,28.3,26.75,28.1,28.05,,,,
SANOFI,8240,8240,8163,8190.35,8195.95,,,,
SANWARIA,0.6,0.65,0.6,0.65,0.65,,,,
SARDAEN,735.55,735.55,702.15,729.9,722,,,,
SAREGAMA,4199.95,4224.25,4050,4114.2,4124.5,,,,
SARLAPOLY,47.25,54.3,46.7,50.9,51,,,,
SARVESHWAR,22.55,22.55,20.85,22.55,22.55,,,,
SASKEN,1480,1480,1402.5,1410,1420,,,,
SASTASUNDR,287.5,290.75,283.7,285.4,284.25,,,,
SATIA,98.8,100.75,98.15,98.8,98.65,,,,
SATIN,77.2,80.25,77.15,78.9,79,,,,
SBCL,219,228.7,210.25,211.55,211.9,,,,
SBICARD,1090,1090,1057.75,1061.3,1060,,,,
SBIETFCON,72,72,70.5,71.31,71.3,,,,
SBIETFIT,359.99,359.99,355.15,359.72,359.92,,,,
SBIETFPB,191.8,191.8,187.1,190,190,,,,
SBIETFQLTY,159.7,159.7,155.95,156.48,156.97,,,,
SBILIFE,1170,1174,1158.05,1170.9,1170,,,,
SBIN,435,436.75,432.25,433,432.95,,,,
SCAPDVR,9.05,9.05,9,9.05,9.05,,,,
SCHAEFFLER,7325.05,7354.65,7194.45,7257.65,7260,,,,
SCHAND,114.7,116.5,114.15,115.35,115.2,,,,
SCHNEIDER,117.15,119.75,116.45,117.6,117.5,,,,
SCI,116.9,116.9,114,114.45,114.2,,,,
SDBL,42,42.8,41.6,41.7,41.6,,,,
SEAMECLTD,1010,1128.8,1010,1101.25,1103.95,,,,
SECURCRED,33.05,34.55,33.05,34.55,34.55,,,,
SECURKLOUD,163.85,167.75,160.15,163.15,163,,,,
SELAN,146.95,151.15,145.1,145.8,146,,,,
SEPOWER,8.4,8.5,8.2,8.25,8.25,,,,
SEQUENT,234.5,238.5,233.5,235.65,234,,,,
SERVOTECH,28.45,29.25,26.65,28.1,27.8,,,,
SESHAPAPER,176.2,180.05,175.3,177.95,179.3,,,,
SETCO,24.2,24.4,22.5,22.6,22.7,,,,
SETF10GILT,207.49,207.49,205.2,205.2,205.2,,,,
SETFGOLD,4182,4188.1,4174,4177.55,4179,,,,
SETFNIF50,178.37,178.37,177.1,177.49,177.54,,,,
SETFNIFBK,365,366.99,364.66,365.42,365.15,,,,
SETFNN50,445,446.49,442.49,444.33,444.99,,,,
SETUINFRA,1.3,1.3,1.25,1.3,1.25,,,,
SEYAIND,55,56.05,54.5,54.9,54.85,,,,
SFL,2291.5,2310,2265.6,2281.35,2285,,,,
SGBAPR28I,4691,4699,4665.01,4690,4690,,,,
SGBAUG24,4700.2,4700.2,4680,4691.03,4691,,,,
SGBAUG27,4725,4725,4661,4665.1,4665.1,,,,
SGBAUG28V,4748.45,4748.45,4710,4721.34,4728.5,,,,
SGBAUG29V,4701,4720,4681,4691.64,4720,,,,
SGBDC27VII,4675,4720,4675,4720,4720,,,,
SGBDEC2513,4636,4636,4636,4636,4636,,,,
SGBDEC26,4683,4683,4683,4683,4683,,,,
SGBFEB24,4690,4690,4680.01,4686.77,4684,,,,
SGBFEB27,4632,4632,4632,4632,4632,,,,
SGBFEB28IX,4646,4646,4646,4646,4646,,,,
SGBFEB29XI,4701,4701,4675,4695,4695,,,,
SGBJ28VIII,4699,4700,4699,4700,4700,,,,
SGBJAN26,4660,4660,4639,4639,4639,,,,
SGBJAN29IX,4681,4681,4670,4680,4680,,,,
SGBJAN29X,4689,4690,4681,4686.4,4690,,,,
SGBJU29III,4677,4690,4677,4689.28,4690,,,,
SGBJUL25,4650,4709,4635.01,4655,4655,,,,
SGBJUL27,5094.52,5094.52,4651,4651,4651,,,,
SGBJUL28IV,4665,4670,4650,4658.68,4658.5,,,,
SGBJUL29IV,4689,4689.1,4653,4669.92,4670,,,,
SGBJUN27,4631.01,4678.9,4631.01,4636.21,4632,,,,
SGBJUN28,4663.11,4670,4636,4665,4665,,,,
SGBJUN29II,4671,4710,4671,4674.77,4672.5,,,,
SGBMAR24,4675,4705,4675,4700,4700,,,,
SGBMAR25,4674.02,4692.99,4660,4692.99,4692.99,,,,
SGBMAR28X,4660,4660,4649,4654.99,4654.99,,,,
SGBMAY25,4660,4674.9,4650,4666.66,4665,,,,
SGBMAY26,4660.1,4660.1,4660,4660.01,4660,,,,
SGBMAY28,4660,4670.9,4654,4666.94,4654,,,,
SGBMAY29I,4675,4688.89,4666,4677.62,4676,,,,
SGBMR29XII,4669,4669,4642,4650.35,4651,,,,
SGBN28VIII,4710,4721.03,4710,4721.02,4721.02,,,,
SGBNOV23,4684.76,4718,4684.76,4702.25,4702.1,,,,
SGBNOV24,4690,4690,4653,4655,4653,,,,
SGBNOV25,4725,4725,4725,4725,4725,,,,
SGBNOV258,4660,4670,4660,4670,4670,,,,
SGBNOV25VI,4700,4700,4670,4670,4670,,,,
SGBNOV26,4633.46,4633.46,4633.46,4633.46,4633.46,,,,
SGBOC28VII,4718,4718,4714,4715.01,4715.01,,,,
SGBOCT25,4734.87,4734.87,4734.87,4734.87,4734.87,,,,
SGBOCT25IV,4670,4671,4670,4671,4671,,,,
SGBOCT26,4650.01,4650.01,4650.01,4650.01,4650.01,,,,
SGBOCT27,4653.11,4653.11,4653.11,4653.11,4653.11,,,,
SGBOCT27VI,4641,4680,4641,4655.31,4655,,,,
SGBSEP24,4685,4705,4680,4680,4680,,,,
SGBSEP27,4710,4710,4680,4680,4680,,,,
SGBSEP28VI,4740,4740,4681,4686.75,4683.05,,,,
SGBSEP29VI,4633.1,4697.99,4633.1,4663.99,4663.99,,,,
SGIL,152.5,154.2,148.15,149.25,149,,,,
SGL,13.5,13.5,13.05,13.15,13.2,,,,
SHAHALLOYS,14.9,14.9,14.9,14.9,14.9,,,,
SHAKTIPUMP,729.9,744.5,719.05,737.9,739.85,,,,
SHALBY,193,194,191,191.45,191.25,,,,
SHALPAINTS,96.25,97.5,95.85,96.3,96.95,,,,
SHANKARA,559,569.9,555.1,562.5,564,,,,
SHANTIGEAR,171.5,172.85,169.35,169.95,170,,,,
SHARDACROP,325.15,329,324.55,325.55,325.95,,,,
SHARDAMOTR,655,655,620.55,641.5,632,,,,
SHAREINDIA,535.05,550,524,537.05,539.95,,,,
SHARIABEES,469.48,469.48,450,454.89,454.05,,,,
SHEMAROO,138.9,151.9,138.8,151.6,151.2,,,,
SHIL,444.3,444.3,430.2,444.3,444.3,,,,
SHILPAMED,589.9,605.2,581.15,583.65,583,,,,
SHIVAMAUTO,22.35,22.85,22.2,22.6,22.6,,,,
SHIVAMILLS,88.15,90,84.1,86,87,,,,
SHIVATEX,195.9,201.5,193.5,197,197.8,,,,
SHK,165.8,173.5,165.3,167.6,167.5,,,,
SHOPERSTOP,249.55,258.5,249.35,251.2,250.95,,,,
SHRADHA,56.5,58.4,56.1,57.9,58.4,,,,
SHREDIGCEM,79.9,80.95,79,79.3,79.6,,,,
SHREECEM,30665.1,30785,30403,30658.5,30607.1,,,,
SHREEPUSHK,232,232.4,218.5,220.35,220.3,,,,
SHREERAMA,11.75,11.95,11.55,11.75,11.8,,,,
SHRENIK,1.6,1.6,1.55,1.6,1.6,,,,
SHREYANIND,120,122.65,120,120.65,120.55,,,,
SHREYAS,374.7,382.05,371.95,382.05,382.05,,,,
SHRIPISTON,920,934.5,915,934,934,,,,
SHRIRAMCIT,2495.7,2602,2474.75,2554.15,2536.5,,,,
SHRIRAMEPC,5.5,5.5,5.5,5.5,5.5,,,,
SHUBHLAXMI,12.05,12.05,12.05,12.05,12.05,,,,
SHYAMCENT,11.45,11.85,11.4,11.55,11.55,,,,
SHYAMMETL,416.4,417.75,400,406.8,404.95,,,,
SHYAMTEL,9,9.05,8.65,8.65,8.65,,,,
SICAL,11.1,11.6,11.1,11.5,11.5,,,,
SIDDHIKA,68,71.5,66.05,66.3,66.3,,,,
SIEMENS,2210,2221.45,2201.85,2207.3,2210,,,,
SIGIND,49.5,49.9,47.75,48.25,47.9,,,,
SIGMA,271.7,271.7,271.7,271.7,271.7,,,,
SIL,14.55,15.25,14.55,14.7,15.15,,,,
SILGO,33.3,34.35,33.3,33.65,33.4,,,,
SILINV,275.1,280,275.1,276.95,276.95,,,,
SILLYMONKS,21.8,21.8,20.1,20.65,20.9,,,,
SILVERTUC,181,181,176.5,180,180,,,,
SIMBHALS,27.2,27.95,25.4,27.35,27.9,,,,
SIMPLEXINF,41.1,42.65,40.8,42.65,42.65,,,,
SINTERCOM,84,87,83,85.9,86.85,,,,
SINTEX,3.8,3.85,3.75,3.75,3.8,,,,
SIRCA,338.9,352.9,337.3,348.6,347.95,,,,
SIS,487.9,489.2,472.2,478.6,475,,,,
SITINET,1.6,1.6,1.55,1.6,1.6,,,,
SIYSIL,386.15,393.05,383.3,384.95,385,,,,
SJVN,27.1,27.7,26.9,27.25,27.25,,,,
SKFINDIA,3223.6,3253,3167.65,3213.8,3179.2,,,,
SKIL,3.75,3.85,3.75,3.85,3.8,,,,
SKIPPER,85.5,86,83.4,83.7,83.75,,,,
SKMEGGPROD,84.5,85.8,83.5,83.8,83.5,,,,
SKSTEXTILE,20.85,20.85,20.85,20.85,20.85,,,,
SMARTLINK,121.15,124.7,118.45,120.15,119.8,,,,
SMCGLOBAL,76.45,77.3,75.5,75.75,76.25,,,,
SMLISUZU,569,570,560.7,565.8,566,,,,
SMSLIFE,725,746,720.15,731.55,730,,,,
SMSPHARMA,162.7,162.85,159.4,160.35,160.6,,,,
SNOWMAN,44.85,45.8,44.8,44.95,44.95,,,,
SOBHA,801,804.8,775.2,779.55,780,,,,
SOLARA,1687.55,1710,1680,1694.2,1694,,,,
SOLARINDS,1832.85,1999,1821.9,1987.55,1998,,,,
SOLEX,45.65,45.8,45.65,45.8,45.8,,,,
SOMANYCERA,710.55,718.8,695,704.3,705,,,,
SOMATEX,8.9,8.95,8.9,8.95,8.95,,,,
SOMICONVEY,57,59.9,56,56.7,56.4,,,,
SONACOMS,587.45,596.8,567.2,572,572,,,,
SONAHISONA,14,14.75,14,14.75,14.75,,,,
SONAMCLOCK,63,63.8,63,63.8,63.8,,,,
SONATSOFTW,855,856,842,849.35,850,,,,
SORILINFRA,125.2,134.45,125.05,129.85,130.2,,,,
SOTL,1685,1685,1628,1632.4,1630,,,,
SOUTHBANK,10,10.1,9.95,9.95,10,,,,
SOUTHWEST,102.3,102.3,97.4,97.9,97.75,,,,
SPAL,339.8,343.9,326.5,329.35,327.15,,,,
SPANDANA,638.85,640.95,621.4,626.15,625,,,,
SPARC,292,297,292,293.55,293.5,,,,
SPECIALITY,74.6,77,74.05,74.85,75.3,,,,
SPENCERS,115.9,117.55,114.5,115.65,115.5,,,,
SPENTEX,1.4,1.4,1.3,1.3,1.35,,,,
SPIC,51.1,53.2,51.1,52.35,52.95,,,,
SPICEJET,70.2,72.6,70.2,72.05,72.3,,,,
SPLIL,48.15,49.5,48.15,48.65,48.9,,,,
SPMLINFRA,11.25,11.4,11,11.15,11.15,,,,
SPTL,4.1,4.15,4.05,4.05,4.1,,,,
SREEL,185,186.5,182.6,184.75,183.6,,,,
SREIBNPNCD,260.3,260.3,260.3,260.3,260.3,,,,
SREIBNPNCD,325,325,325,325,325,,,,
SREIBNPNCD,345,345,340,345,345,,,,
SREIBNPNCD,300,300,300,300,300,,,,
SREIBNPNCD,336,336,336,336,336,,,,
SREIBNPNCD,241,241,241,241,241,,,,
SREINFRA,8.25,8.55,8.1,8.4,8.5,,,,
SRF,10817.85,10821,10611.35,10676.4,10654.65,,,,
SRHHYPOLTD,346,357.95,338.5,340.6,343,,,,
SRIPIPES,232.45,233.5,225.05,226.2,226.6,,,,
SRPL,35.5,36.5,33.3,36.4,36.4,,,,
SRTRANSFIN,1348,1371,1344.2,1352.8,1352,,,,
SRTRANSFIN,1010.35,1010.35,1010.35,1010.35,1010.35,,,,
SRTRANSFIN,1073.85,1073.85,1073.85,1073.85,1073.85,,,,
SRTRANSFIN,1341.9,1359.13,1341.9,1359.13,1359.13,,,,
SRTRANSFIN,1082.6,1083.3,1082.6,1083.3,1083.3,,,,
SRTRANSFIN,1110,1110,1100.01,1100.01,1100.01,,,,
SRTRANSFIN,1075,1165,1075,1165,1165,,,,
SRTRANSFIN,1290.01,1293,1290.01,1293,0,,,,
SRTRANSFIN,1349,1363.9,1337,1337,1337,,,,
SRTRANSFIN,1031,1031,1030.25,1030.25,1030.25,,,,
SRTRANSFIN,1074.9,1074.9,1052.76,1058,1058,,,,
SRTRANSFIN,1050.5,1070,1050.5,1065,1065,,,,
SRTRANSFIN,1160,1160,1160,1160,1160,,,,
SRTRANSFIN,1262,1262,1262,1262,1262,,,,
SRTRANSFIN,1030,1030,1030,1030,1030,,,,
SRTRANSFIN,1289,1289,1289,1289,1289,,,,
SRTRANSFIN,1050,1052.05,1050,1052,1052,,,,
SRTRANSFIN,1150,1150,1150,1150,1150,,,,
SRTRANSFIN,1158,1158,1158,1158,1158,,,,
SSINFRA,9,9,9,9,9,,,,
SSWL,1717,1798,1691.2,1761.45,1773,,,,
STAR,599.75,604.75,595.9,600.8,601.05,,,,
STARCEMENT,105.6,107.4,105.6,107,107,,,,
STARPAPER,149.85,152.8,149.3,152.45,152.8,,,,
STCINDIA,105.45,106.8,104.3,105.15,105.45,,,,
STEELCITY,60.7,60.7,59.25,59.85,59.85,,,,
STEELXIND,80,80,76.8,77.3,77.1,,,,
STEL,166.75,174.7,164,171.6,169,,,,
STERTOOLS,198,204,198,202.6,203.35,,,,
STLTECH,277.2,283.9,274.15,282.3,282.6,,,,
STOVEKRAFT,957.45,967,932.2,939.4,944.9,,,,
STYLAMIND,1124.95,1319.6,1115,1222.95,1229,,,,
SUBCAPCITY,23,23,23,23,23,,,,
SUBEXLTD,51,56,50.9,55.3,55.25,,,,
SUBROS,307,312,306.1,307.5,308.9,,,,
SUDARSCHEM,690,698,679.05,690,683.65,,,,
SUMEETINDS,7.25,7.45,6.95,7,7.3,,,,
SUMICHEM,415.3,420.45,413.6,414.65,414.95,,,,
SUMIT,12.15,12.7,12.15,12.5,12.5,,,,
SUMMITSEC,711.75,738.5,711.75,728.65,730,,,,
SUNCLAYLTD,3520.5,3544.75,3498,3510.1,3506.05,,,,
SUNDARAM,2.05,2.05,1.95,2,2,,,,
SUNDARMFIN,2543.65,2589.4,2520.05,2572.2,2551.75,,,,
SUNDARMHLD,77.5,79.3,77.25,78.15,78.3,,,,
SUNDRMBRAK,409.85,411.45,400.1,401.6,400.55,,,,
SUNDRMFAST,892,933.8,884.15,896.4,892.25,,,,
SUNFLAG,82.4,83.25,81.7,82,81.9,,,,
SUNPHARMA,784.7,788,777.3,781.4,782.5,,,,
SUNTECK,396,416.5,394.95,413.4,414.9,,,,
SUNTV,494,514.85,494,512.15,511.3,,,,
SUPERHOUSE,169.45,178.45,169.45,176.35,175.15,,,,
SUPERSPIN,13.5,13.5,12.45,12.8,13,,,,
SUPPETRO,713,713,696.65,709.95,710,,,,
SUPRAJIT,311.9,320.7,310.6,317.85,318.05,,,,
SUPREMEENG,29.7,31.35,28.5,29.5,29.5,,,,
SUPREMEIND,2158.85,2169.9,2132,2147.05,2150,,,,
SURANASOL,13.4,13.5,13,13.4,13.45,,,,
SURANAT&P,6.4,6.4,6.2,6.35,6.4,,,,
SURANI,46.5,46.5,44.35,44.35,44.35,,,,
SURYALAXMI,62,62,60.2,60.9,60.9,,,,
SURYAROSNI,579.5,587.25,561.1,579.9,579.3,,,,
SURYODAY,192,215.5,190.15,215.5,215.5,,,,
SUTLEJTEX,67.05,67.9,65.75,66,65.85,,,,
SUULD,539,539,511,517.05,511,,,,
SUVEN,84.2,86,84,84.2,84.25,,,,
SUVENPHAR,532.25,540,524.9,538.35,533,,,,
SUVIDHAA,18.85,19.2,18.15,18.3,18.35,,,,
SUZLON,6.3,6.55,6.25,6.5,6.55,,,,
SVPGLOB,140.8,164.85,137,148.35,148.05,,,,
SWANENERGY,137,138.9,135.9,137.15,137.2,,,,
SWARAJENG,1702,1702,1677.65,1679.85,1684,,,,
SWELECTES,217.5,231,217.5,228.2,227.9,,,,
SWSOLAR,360,369,353.55,361.3,360.1,,,,
SYMPHONY,1009,1017,993.35,1002.15,1003.95,,,,
SYNGENE,671.8,674.95,662,667.1,667,,,,
TAINWALCHM,81.4,81.4,78.15,80.35,79.1,,,,
TAJGVK,133.65,136.9,132.55,133.3,133.3,,,,
TAKE,52.65,53.35,52,52.75,52.7,,,,
TALBROAUTO,284.75,286.45,280.5,281.5,282.05,,,,
TANLA,886,886,865,869.8,870.8,,,,
TANTIACONS,6.8,6.8,6.35,6.7,6.7,,,,
TARAPUR,4.3,4.5,4.2,4.4,4.4,,,,
TARC,39.3,39.95,38.7,38.95,39.25,,,,
TARMAT,64.8,64.8,63.55,63.65,63.55,,,,
TASTYBITE,18706.55,19060,18606.25,18792.35,18713,,,,
TATACAPHSG,1080,1080,1079,1079,1079,,,,
TATACAPHSG,1036,1036,1035,1035,1035,,,,
TATACAPHSG,1075,1075,1075,1075,1075,,,,
TATACHEM,839,842.8,830.9,835.75,835,,,,
TATACOFFEE,210,210.35,207.5,208.2,208,,,,
TATACOMM,1357.95,1379.15,1350,1359.9,1360,,,,
TATACONSUM,884.8,885.9,877.6,881.3,880.2,,,,
TATAELXSI,5018,5057.9,4970,4987,4975.15,,,,
TATAINVEST,1280.75,1290,1261.8,1276.15,1272,,,,
TATAMETALI,1059.75,1073.8,1047.95,1064.1,1062,,,,
TATAMOTORS,302.25,307.2,302.2,306.1,305.75,,,,
TATAMTRDVR,141.5,144.2,141.5,143.15,143.4,,,,
TATAPOWER,131.5,133.3,131.3,133,133.15,,,,
TATASTEEL,1476,1476,1449,1452.3,1451.4,,,,
TATASTLBSL,95.65,96,94.1,94.45,94.5,,,,
TATASTLLP,898,908.4,885.05,889.5,887.75,,,,
TATVA,2059,2065,2041.55,2059,2060.05,,,,
TBZ,76.4,76.95,75.15,75.6,75.6,,,,
TCFSL,1069,1069.24,1067.2,1067.2,1067.2,,,,
TCFSL,1155,1167,1149.1,1153.42,1155,,,,
TCFSL,1023,1023,1020,1020.22,1020,,,,
TCFSL,1051.25,1051.25,1051.25,1051.25,1051.25,,,,
TCI,429.45,435.9,425.55,433.6,433.95,,,,
TCIDEVELOP,319.8,340.9,317.5,325.3,329.95,,,,
TCIEXP,1506.05,1544,1504.8,1521,1519,,,,
TCIFINANCE,6.15,6.15,5.55,5.55,5.55,,,,
TCNSBRANDS,677.9,695,665,668.1,668.4,,,,
TCPLPACK,505.45,534.75,501.65,525.65,529,,,,
TCS,3849.95,3896.5,3825,3885.9,3880.1,,,,
TDPOWERSYS,326.05,331.85,319.5,322.9,322,,,,
TEAMLEASE,4530,4573.55,4489.15,4545.65,4573.55,,,,
TECHIN,7,7,7,7,7,,,,
TECHM,1435,1457,1429.5,1452.05,1449.1,,,,
TECHNOE,282.8,282.8,278.3,280.65,280.6,,,,
TEJASNET,425,439,415,420.95,424,,,,
TEMBO,279.5,282,275.25,278.35,279,,,,
TERASOFT,49.5,50.7,48.75,49.7,50,,,,
TEXINFRA,59.85,60.65,58.25,58.8,58.35,,,,
TEXMOPIPES,48.8,50.5,48.3,49.8,50,,,,
TEXRAIL,33.35,33.75,33.05,33.2,33.2,,,,
TFCILTD,69.05,70.95,68.6,69,68.9,,,,
TFL,5.65,5.65,5.45,5.65,5.65,,,,
TGBHOTELS,8.7,8.7,8.25,8.7,8.7,,,,
THANGAMAYL,1090.85,1106.85,1080.3,1091.7,1096,,,,
THEINVEST,120.55,123.9,119.05,119.9,119.05,,,,
THEJO,2650,2700,2625,2692,2688,,,,
THEMISMED,1038,1045.8,975.25,1039.55,1045.8,,,,
THERMAX,1455,1474.9,1445.2,1464.75,1468,,,,
THOMASCOOK,61.9,63.1,61.2,62.1,62.3,,,,
THOMASCOTT,18.2,19.5,18.2,18.95,18.95,,,,
THYROCARE,1284.7,1294.7,1265.85,1279.05,1278.05,,,,
TI,40,41.15,40,40.35,40.6,,,,
TIDEWATER,2042.95,2042.95,1960,1971.35,1980,,,,
TIIL,816.6,835,810.05,817.85,820,,,,
TIINDIA,1336,1375.55,1330,1342.45,1337,,,,
TIJARIA,5.8,5.95,5.45,5.95,5.95,,,,
TIL,161.05,161.05,156.55,158.25,158.05,,,,
TIMESGTY,45.2,46.15,44.05,45.05,44.1,,,,
TIMETECHNO,71.3,73.3,71,72.25,72.15,,,,
TIMKEN,1749,1764.95,1700,1714.5,1716,,,,
TINPLATE,282.7,291.65,280.75,282.8,282.7,,,,
TIPSINDLTD,1321,1382,1311,1342.85,1348,,,,
TIRUMALCHM,206.5,207.9,203,204.6,204.8,,,,
TIRUPATIFL,82.5,84.45,78.6,83.75,84.45,,,,
TITAN,2038.9,2061.5,2032.05,2055.7,2052.95,,,,
TMRVL,15.55,15.55,15.15,15.15,15.15,,,,
TNPETRO,116.15,134.95,116.15,127.95,129,,,,
TNPL,132.05,134.2,131.55,133.55,133.3,,,,
TNTELE,10.3,11.1,10.25,10.7,10.75,,,,
TOKYOPLAST,104.8,115,102.85,107.85,109,,,,
TORNTPHARM,3129,3143.95,3105,3133.1,3119.15,,,,
TORNTPOWER,480.5,484.25,476.65,482.25,480.45,,,,
TOTAL,56.8,57,54.6,55.05,54.95,,,,
TOUCHWOOD,125,126,119.2,119.65,123.85,,,,
TPLPLASTEH,352,357.95,342.5,343.55,342.5,,,,
TREEHOUSE,9.7,9.8,9.4,9.6,9.75,,,,
TREJHARA,59,59.45,58.1,58.2,58.2,,,,
TRENT,1009.95,1023.75,1000.05,1004,1001,,,,
TRF,115,117.4,114.1,114.8,114.8,,,,
TRIDENT,25.75,25.75,24.9,25.05,25.1,,,,
TRIGYN,115,119.95,114.2,119.9,119.95,,,,
TRIL,28.25,28.25,27.6,27.75,27.75,,,,
TRITURBINE,139.2,141.6,136,139.5,139.5,,,,
TRIVENI,171.85,177.65,170.4,175.6,177.6,,,,
TTKHLTCARE,698.05,740.85,695,702.75,705,,,,
TTKPRESTIG,9320,9325,9107,9150.05,9170,,,,
TTL,66.2,68,65.6,66.75,66.85,,,,
TTML,35,36,34.8,35.55,35.55,,,,
TV18BRDCST,36.3,40.4,36.3,39.8,39.7,,,,
TVSELECT,174.85,178,174.65,178,178,,,,
TVSMOTOR,546.5,550.9,544.3,549.95,548.95,,,,
TVSSRICHAK,2124.65,2169.1,2105,2158.95,2160,,,,
TVTODAY,301,312.3,300.1,304.2,303.05,,,,
TVVISION,2.45,2.45,2.4,2.4,2.4,,,,
TWL,92.1,94.7,92.1,93.15,93.25,,,,
UBL,1598,1622.95,1581.15,1586.6,1582.1,,,,
UCALFUEL,150.1,153.15,149.2,151.2,151.45,,,,
UCOBANK,13.85,13.9,13.5,13.55,13.6,,,,
UFLEX,514,546.1,512.3,540.45,540.4,,,,
UFO,92.25,98.4,92.25,96.7,96.7,,,,
UGARSUGAR,26.95,28.2,26.75,27.9,28.2,,,,
UGROCAP,117.7,119.75,116.75,117.1,117,,,,
UJAAS,2.75,2.8,2.7,2.8,2.8,,,,
UJJIVAN,167,167.45,159.5,160.45,160,,,,
UJJIVANSFB,20.7,20.75,20.1,20.2,20.25,,,,
ULTRACEMCO,7970,7973.05,7850,7856.45,7855,,,,
UMANGDAIRY,76.15,77.9,76.15,77.3,77.7,,,,
UMESLTD,4.5,4.5,4.15,4.25,4.2,,,,
UNICHEMLAB,275.2,278,273.15,273.95,273.95,,,,
UNIDT,352,352,344.1,345.95,344.2,,,,
UNIENTER,139.9,141.5,137.5,140.15,141.5,,,,
UNIINFO,24,26,24,24.8,26,,,,
UNIONBANK,34.6,35,34.3,34.45,34.5,,,,
UNITECH,1.75,1.85,1.75,1.85,1.85,,,,
UNITEDPOLY,15.8,15.8,15.8,15.8,15.8,,,,
UNITEDTEA,400.2,403.45,395.55,397.5,402,,,,
UNIVASTU,49.95,49.95,47.25,48.05,48.4,,,,
UNIVCABLES,174,174.75,172.05,172.55,172.6,,,,
UNIVPHOTO,361.55,379.9,343.5,373.75,371.5,,,,
UPL,760.9,764.85,751,752.5,753,,,,
URJA,6.25,6.25,6.05,6.15,6.2,,,,
URJAPP,1.85,1.95,1.85,1.9,1.95,,,,
USHAMART,70.5,70.95,67.55,68.2,68.25,,,,
UTIAMC,1185,1195,1172,1176.45,1180,,,,
UTIBANKETF,36.95,36.95,36.47,36.64,36.84,,,,
UTINEXT50,44.73,45.87,44.7,44.86,44.7,,,,
UTINIFTETF,1839.2,1848.12,1818,1825.4,1828.5,,,,
UTISENSETF,617.99,617.99,609.96,611.45,612.16,,,,
UTISXN50,47.3,49.91,47.3,48.8,48.8,,,,
UTTAMSTL,4.35,4.4,4.25,4.25,4.3,,,,
UTTAMSUGAR,185.9,194.95,182.6,192.1,194.95,,,,
V2RETAIL,125.7,126.95,122.3,124.4,125.9,,,,
VADILALIND,1076.3,1079.65,1028.5,1032.45,1031.05,,,,
VAIBHAVGBL,782.6,784.9,755,758.25,757.75,,,,
VAISHALI,38.2,38.45,37.5,38,37.75,,,,
VAKRANGEE,43.3,44.2,42.9,43.15,43.05,,,,
VALIANTORG,1475,1481.95,1430.1,1441.15,1435.55,,,,
VARDHACRLC,67.3,68.4,65.75,65.9,66.2,,,,
VARDMNPOLY,23.55,24.9,23.55,24.35,24.35,,,,
VARROC,267.9,267.9,260,260.9,262,,,,
VASCONEQ,26,27.05,25.5,25.95,26,,,,
VASWANI,11.8,12.15,11.8,12.1,12,,,,
VBL,936.8,941.9,912.45,931.45,934.9,,,,
VCL,72,72.95,69,70.5,72.95,,,,
VEDL,309.25,309.25,302.55,303.2,303.3,,,,
VENKEYS,2969,3029,2910,2940.9,2938,,,,
VENUSREM,481,499,480,482.15,481,,,,
VERTOZ,96.9,100.65,96.5,96.9,96.7,,,,
VESUVIUS,1182.45,1183,1149.8,1159.85,1170,,,,
VETO,104,105.25,102.9,103.3,103.2,,,,
VGUARD,261.7,264.15,256.05,259,259,,,,
VHL,3328.4,3341.7,3240,3269.2,3292,,,,
VICEROY,3.05,3.2,3.05,3.1,3.1,,,,
VIDHIING,389.35,401,370.1,379.2,377.25,,,,
VIJAYA,540,648,532.5,620.1,617,,,,
VIJIFIN,1.55,1.6,1.5,1.6,1.6,,,,
VIKASECO,2.1,2.2,2.1,2.2,2.2,,,,
VIKASLIFE,3.2,3.3,3.2,3.25,3.3,,,,
VIKASPROP,2.25,2.25,2.2,2.2,2.2,,,,
VIKASWSP,4.85,4.95,4.75,4.8,4.85,,,,
VIMTALABS,290,308.2,288.05,305.9,305,,,,
VINATIORGA,1939.4,1950.85,1902.15,1919.35,1920,,,,
VINDHYATEL,1175,1204.2,1170,1176.55,1179,,,,
VINEETLAB,81.3,83,80,80.3,80,,,,
VINYLINDIA,229.2,235,228.3,231.65,232,,,,
VIPCLOTHNG,19.25,19.5,18.6,18.85,19,,,,
VIPIND,485.7,488.45,481.05,484.15,484.55,,,,
VIPULLTD,32.05,33.8,32.05,32.25,32.7,,,,
VISAKAIND,699,709,693.8,697.15,699,,,,
VISASTEEL,10.6,10.6,10,10.3,10.3,,,,
VISHAL,116.05,116.6,110.4,112.3,112.6,,,,
VISHNU,728,730.65,700,730.65,730.65,,,,
VISHWARAJ,149,150.1,143.55,148.75,147.05,,,,
VIVIDHA,0.8,0.8,0.75,0.75,0.8,,,,
VIVIMEDLAB,21.5,22.3,21.5,21.85,21.9,,,,
VLSFINANCE,204.85,206.6,200.05,201.1,203,,,,
VMARCIND,33.95,33.95,33.95,33.95,33.95,,,,
VMART,3473,3499,3430,3451.6,3459.5,,,,
VOLTAMP,1402.65,1412.85,1386.75,1401.25,1401,,,,
VOLTAS,1218.65,1234,1213.25,1227.75,1227,,,,
VRLLOG,333.85,348,333.85,344.2,344,,,,
VSSL,266,270.35,263,264.45,264.2,,,,
VSTIND,3404.5,3475.6,3404.5,3431.5,3431,,,,
VSTTILLERS,2732,2773.75,2635.2,2676.1,2690,,,,
VTL,1934.9,1950,1894.1,1914.2,1915.5,,,,
WABAG,341.05,354.95,338.2,352.55,352,,,,
WABCOINDIA,7390,7399.9,7250,7291.2,7270,,,,
WALCHANNAG,61.55,62.85,59.95,60.5,60,,,,
WALPAR,36.65,36.65,36.65,36.65,36.65,,,,
WANBURY,82,84,80.25,82.5,82.8,,,,
WATERBASE,116.9,119.7,116,117.45,117.5,,,,
WEALTH,265,265,252,253,253,,,,
WEBELSOLAR,69.3,69.8,67.75,69.25,69.3,,,,
WEIZMANIND,50,50.75,47.55,49.25,50,,,,
WELCORP,123.45,127,121.8,123.95,124.4,,,,
WELENT,97.4,99,96.1,96.7,96.85,,,,
WELINV,329.3,339,329.3,332.1,331.25,,,,
WELSPUNIND,134,136.8,133.2,133.6,133.8,,,,
WENDT,4748,4899.9,4720.4,4758.45,4769,,,,
WESTLIFE,533,538.5,528.05,536.35,536,,,,
WFL,127.05,127.05,127.05,127.05,127.05,,,,
WHEELS,815.4,816,796.15,808.05,808.3,,,,
WHIRLPOOL,2313.85,2318,2265.5,2275.85,2300,,,,
WILLAMAGOR,20.8,21,20.2,20.25,20.25,,,,
WINDLAS,372,379,370.5,377,377.5,,,,
WINDMACHIN,30.2,31.25,28.8,29.45,29.6,,,,
WIPL,64,64,60.1,61,61,,,,
WIPRO,671,675.7,670,673.45,673.2,,,,
WOCKPHARMA,417.65,421.7,415.6,417.4,417.45,,,,
WONDERLA,231,234.7,231,232.1,232.35,,,,
WORTH,89.05,90.5,88.4,88.65,88.5,,,,
WSI,8.15,8.55,8,8,8,,,,
WSTCSTPAPR,233.45,234,231.5,232.5,231.9,,,,
XCHANGING,113.5,121.4,113.5,118.25,118.6,,,,
XELPMOC,408.55,413.75,395,406.3,407,,,,
XPROINDIA,410.95,410.95,386,392.05,394.85,,,,
YAARII,108.45,113.15,107,109.75,110,,,,
YESBANK,11.1,12.85,11.05,12.45,12.6,,,,
YUKEN,590,619,589,607.4,608.5,,,,
ZEEL,205.5,270.9,205.5,261.55,261.7,,,,
ZEEL,2,2.05,2,2.05,2.05,,,,
ZEELEARN,13.35,15.5,13.35,15.5,15.5,,,,
ZEEMEDIA,10.2,10.4,10.2,10.4,10.4,,,,
ZENITHEXPO,85.5,85.5,83.1,83.5,83.5,,,,
ZENSARTECH,492.5,499.95,481.05,487.15,489,,,,
ZENTEC,226.1,226.1,226.1,226.1,226.1,,,,
ZODIAC,30.6,30.6,29.15,29.95,29.95,,,,
ZODIACLOTH,113,115.75,112.45,114.2,114.05,,,,
ZODJRDMKJ,33.75,33.75,32.5,32.5,32.5,,,,
ZOMATO,145.15,152.75,136.2,144.1,143,,,,
ZOTA,369.2,372,360.05,361,360.95,,,,
ZUARI,115.5,118.2,115.1,117.8,118,,,,
ZUARIGLOB,129,131.95,127.5,129.7,130,,,,
ZYDUSWELL,2410,2429,2381,2396.35,2385,,,,
