SYMBOL,OPEN,HIGH,LOW,CLOSE,LAST
20MICRONS,52,54.1,52,53.45,53.1
21STCENMGM,32.3,32.3,31.1,32.3,32.3
3IINFOTECH,8.45,8.45,8.45,8.45,8.45
3MINDIA,22705.1,22805.1,22575.25,22643.35,22688.15
3PLAND,13.5,13.75,13.3,13.65,13.75
5PAISA,435.2,451,435.2,446.35,443.35
63MOONS,98.2,98.2,95.1,95.7,95.9
667GS2050,96.15,96.75,95.11,96.51,96.75
676GS2061,96.5,98.95,96.2,96.93,96.2
74GS2035,100.75,100.75,100.75,100.75,100.75
772GS2055,115.5,115.5,115.5,115.5,115.5
A2ZINFRA,4.3,4.35,4.2,4.25,4.2
AAATECH,46,47,46,47,47
AAKASH,244.6,268,241,265,265
AAREYDRUGS,39,39,37.5,37.95,37.85
AARON,96.05,102.45,96.05,102.45,102.45
AARTIDRUGS,610,612.8,600,602,602.4
AARTIIND,911,929.3,906,926.5,926.8
AARTISURF,1418,1467.7,1402.55,1430.95,1428.2
AARVEEDEN,18,18.9,18,18.6,18.75
AARVI,56.85,56.85,54.55,55.9,56.25
AAVAS,2393,2450,2382.7,2440.6,2444.05
ABAN,39.6,40.5,38.5,39.05,39.25
ABB,1750,1865,1735,1850.05,1852
ABBOTINDIA,19000,19099.95,18915.4,19028.8,18950.15
ABCAPITAL,106.3,108.95,104.1,107.95,107.9
ABFRL,200.7,203.85,198.25,202.35,202
ABSLBANETF,353.07,355.13,353.07,355.13,355.13
ABSLNN50ET,404.2,414.2,404.2,409.13,414.2
ABSLRIF6RD,9.5,9.5,9.5,9.5,9.5
ABSLRIF6RG,10.07,10.07,10.07,10.07,10.07
ACC,2279.95,2354.65,2266.3,2348.1,2341.35
ACCELYA,1284.4,1299,1240.6,1262.25,1258.15
ACCURACY,110.5,123.8,107,116.65,116.95
ACE,218,220.75,213,217.85,216
ACRYSIL,604.85,604.85,584.45,587.35,589
ADANIENT,1475,1515,1474.1,1506.05,1504.2
ADANIGREEN,1050,1060,998,1049.1,1045.05
ADANIPORTS,724,731.95,722.25,727,726
ADANIPOWER,89.4,89.4,85.15,89.4,89.4
ADANITRANS,1433.7,1433.7,1297.2,1433.7,1433.7
ADFFOODS,810,818,795.65,811.65,801
ADL,40.3,40.4,37,40.05,40.4
ADORWELD,687.95,694.7,665.3,680.9,679.5
ADROITINFO,8.9,9.3,8.6,9.1,9.3
ADSL,71.45,74.85,67.75,69,69.8
ADVANIHOTR,70.7,70.8,69.1,69.35,69.65
ADVENZYMES,369,376.7,362.1,370.95,372.4
AEGISCHEM,270.6,272.5,268,269.8,269.8
AFFLE,4275,4363.35,4200,4363.35,4363.35
AGARIND,283.25,303,283.25,301.2,301.15
AGCNET,960.3,978.65,956,957.75,970
AGRITECH,49.5,49.5,47.8,49.25,49
AGROPHOS,15.05,15.55,15.05,15.25,15.45
AHLADA,164,164.65,159.05,163.2,164.65
AHLEAST,174.8,187.9,171.4,184.7,186
AHLUCONT,370.35,372.2,370,370.85,371
AHLWEST,275,280,272.05,279.2,278.45
AIAENG,1927,1945.55,1920,1932.9,1939.95
AILIMITED,22.15,22.2,22.15,22.15,22.15
AIRAN,23.8,23.85,22.5,23.4,23.4
AIROLAM,52.4,56.5,50.6,50.75,50.75
AISL,43.95,46,41,42.7,44.7
AJANTPHARM,2234,2234,2208.5,2218.3,2218
AJMERA,349.7,354,341.4,345.7,345
AJOONI,51,51,48,48.85,49
AJRINFRA,1.65,1.65,1.65,1.65,1.65
AKASH,157,161.8,152.05,154.35,152.05
AKG,23.35,25.1,23,24.9,25.1
AKSHARCHEM,407,430,407,424.6,419.15
AKSHOPTFBR,9,9,8.6,8.8,8.9
AKZOINDIA,2211.6,2215,2190,2201.2,2200
ALANKIT,15.2,15.2,14.7,15,14.95
ALBERTDAVD,580,587.05,571.45,576.6,576.7
ALEMBICLTD,103.5,105,102.5,103.15,102.75
ALICON,782.15,784.2,772.05,778.65,779.95
ALKALI,71.85,72.3,69.1,69.7,69.55
ALKEM,3869.7,3933,3851,3887.65,3897
ALKYLAMINE,3970,4258.95,3965,4236.1,4248
ALLCARGO,225,226.9,219,221.65,220.85
ALLSEC,415,427,415,421.9,420.5
ALMONDZ,72.5,77.4,71.85,76.9,77.4
ALOKINDS,21.3,22.45,21.1,22.05,22.1
ALPA,51.5,52.15,50.35,51.3,51.1
ALPHAGEO,342,353.7,342,347.4,347
ALPSINDUS,1.9,2.1,1.9,2,1.95
AMARAJABAT,667,684,666.95,682.85,683.2
AMBANIORG,62.7,62.7,62.7,62.7,62.7
AMBER,2869.9,2915.95,2864.8,2898.05,2891
AMBICAAGAR,16.05,16.8,16.05,16.35,16.55
AMBIKCO,1473,1484.55,1454.75,1471.05,1470
AMBUJACEM,401,411.45,397.5,410.05,410
AMDIND,29.1,29.45,27.8,28.95,28.95
AMJLAND,29.75,30.4,28.6,29.6,29.85
AMRUTANJAN,702.9,731,698.35,728.45,729.35
ANANTRAJ,62,63.3,59,62.8,62.95
ANDHRACEMT,25.15,25.15,25.15,25.15,25.15
ANDHRAPAP,231.95,231.95,225.7,229.6,229.3
ANDHRSUGAR,521,531.6,521,524.2,525.95
ANDREWYU,24.5,24.7,24,24.5,24.65
ANGELBRKG,1113,1113,1067.45,1091.55,1090
ANIKINDS,19,19,17.85,17.95,18.3
ANKITMETAL,1.85,1.85,1.8,1.8,1.8
ANMOL,178,201.7,176.5,192.15,191.75
ANSALAPI,9.65,9.95,9.65,9.7,9.75
ANSALHSG,6.95,6.95,6.65,6.75,6.8
ANUP,943,965,942.35,948.25,945
ANURAS,737.5,741.35,725,736.9,738
APARINDS,620,626,610,612.45,610.2
APCL,413.7,423.5,405,418.8,422
APCOTEXIND,310.7,320,308.4,313.25,312.55
APEX,264,266.95,258.3,262.9,262
APLAPOLLO,1650,1668,1593.9,1645.95,1645
APLLTD,733,748.9,730,746.15,743.95
APOLLO,108.5,118.8,108.5,115.3,114.85
APOLLOHOSP,4717.1,4832,4676.35,4765.1,4763
APOLLOPIPE,1515,1521,1471,1482.85,1489
APOLLOTYRE,209.45,212.1,207.25,208.95,209
APOLSINHOT,821.2,844.95,809.9,833.5,818
APTECHT,277.35,296.7,275.9,289.75,288.95
APTUS,351.55,359,347,355.2,355.05
ARCHIDPLY,31.6,31.8,30.2,30.75,30.4
ARCHIES,18.7,19.45,18,18.15,18.05
ARENTERP,31.65,31.65,31.65,31.65,31.65
ARIES,153.3,156.9,148.1,151.95,152.1
ARIHANT,24.9,25,23.65,23.7,23.7
ARIHANTCAP,146,147.95,142,145.25,145.8
ARIHANTSUP,111.95,111.95,108.05,109.4,108.5
ARMANFIN,662.55,737,662.05,724.4,718.05
AROGRANITE,70.95,71.8,70.2,70.65,70.9
ARROWGREEN,132.8,134.3,130.4,134.3,134.3
ARSHIYA,27.05,27.7,26.75,27.1,26.8
ARSSINFRA,30.5,30.5,27.6,28.65,28.95
ARTEMISMED,319,327.65,315,321.65,322.5
ARVEE,95,98.5,91.1,92.9,98.5
ARVIND,91.5,92,90.35,91.05,91.3
ARVINDFASN,288.8,290.45,265.05,268.25,266.8
ARVSMART,120,122.8,118.6,120.65,119.6
ASAHIINDIA,352.8,365.95,352.15,363.05,365
ASAHISONG,337,343.95,329.4,332.55,334
ASAL,56.9,56.9,52.55,53.95,54.9
ASALCBR,433.5,441,425,433.85,441
ASHAPURMIN,123.9,127,122.3,124.75,127
ASHIANA,150.85,156.3,147.7,154,155.5
ASHIMASYN,17.25,17.65,17.05,17.15,17.1
ASHOKA,98.4,99.6,97.55,98.7,98.35
ASHOKLEY,117.65,120.5,117.55,120.25,120.2
ASIANHOTNR,77.9,84.9,76.4,81,84
ASIANPAINT,3040.45,3057.95,3020.5,3036.8,3039
ASIANTILES,162.1,162.1,158.5,159.45,159.95
ASPINWALL,192.4,197.85,189.1,192.1,192.9
ASTEC,1301,1348.75,1293.3,1325.15,1325
ASTERDM,194.4,198,192.3,195.25,195.3
ASTRAL,1969,2007,1954.15,1982.05,1972.9
ASTRAMICRO,153.8,156.65,152.5,153.35,153.6
ASTRAZEN,3098.9,3098.9,3053,3056.35,3061.65
ASTRON,58.8,59.6,58.2,58.75,58.4
ATALREAL,95.1,97.5,94,95.85,94.1
ATFL,965.5,1007,965.5,999.55,1000
ATGL,1369,1369,1238.75,1320.7,1310
ATLANTA,13.3,13.3,12.25,12.7,12.4
ATUL,8908,9149,8850,9007.65,8982
ATULAUTO,193.1,204.7,192.05,202.55,201.4
AUBANK,1353.3,1361.9,1258,1285.5,1270
AURDIS,48.45,48.55,48.45,48.55,48.55
AURIONPRO,184,188.7,182,184.4,188
AUROPHARMA,707,718,698.05,710,708.8
AUSOMENT,73.3,75.5,70.9,75.4,75.5
AUTOAXLES,1248.2,1274.8,1225.2,1239.65,1240.3
AUTOIND,58,58.7,57.15,58.7,58.7
AVADHSUGAR,439.75,440.15,420,428.45,429.95
AVANTIFEED,562,571,556,565.65,566
AVG,69,69,65.9,65.9,65.9
AVROIND,81.55,84.8,81.55,84.8,84.8
AVTNPL,70.85,73.5,69.7,72.4,72.25
AWHCL,341.5,349.45,338.7,344.6,343.5
AXISBANK,746.5,759.6,741,752.4,752.3
AXISBNKETF,352,357.98,352,357.98,357.98
AXISBPSETF,10.3,10.3,10.28,10.29,10.3
AXISCADES,72,74.65,71.8,73.05,72.5
AXISGOLD,41.28,41.28,40.81,40.91,40.87
AXISHCETF,88,88.3,86.55,87.73,87.95
AXISNIFTY,173.2,174.9,173.2,174.49,174.5
AXISTECETF,348,348,341,342.9,342.3
AYMSYNTEX,90,90,86.75,88.05,88
BAFNAPH,136.9,142.1,129.05,132.8,131.1
BAGFILMS,2.65,2.7,2.55,2.6,2.65
BAJAJ-AUTO,3707.4,3749.9,3679,3699.45,3698
BAJAJCON,249.15,250.75,247,248.05,247.05
BAJAJELEC,1178,1210,1150,1180.1,1177.95
BAJAJFINSV,16080,16251.95,15780.05,16195.6,16186
BAJAJHIND,14.9,15.25,14.3,14.5,14.65
BAJAJHLDNG,4169.8,4200,4130,4194.95,4199
BAJFINANCE,6950,7024.35,6872,6966.6,6949.05
BALAJITELE,62.8,63.5,61,61.35,61.3
BALAMINES,3744,3830,3654,3788.7,3775.05
BALAXI,536.2,544.95,531.7,543.1,544.9
BALKRISIND,2285,2304.45,2266.5,2290.85,2291
BALLARPUR,1.2,1.2,1.1,1.15,1.15
BALMLAWRIE,127.25,127.25,125.85,126.35,126.85
BALPHARMA,92.95,94,91.75,93.3,94
BALRAMCHIN,366.9,372.35,363,370,370
BANARBEADS,67.05,69.4,67,68.3,68.95
BANARISUG,1815.15,1841,1800,1813.85,1800
BANCOINDIA,196.55,217,193.2,212.55,210.95
BANDHANBNK,268.05,278.8,265,276.1,277.05
BANG,34.35,34.45,31.5,34.45,34.45
BANKA,67.8,67.8,64,64.6,64.1
BANKBARODA,74,75.15,73.25,74.55,74.6
BANKBEES,360.1,360.9,356.92,359.97,359.7
BANKINDIA,65.3,68.5,64.7,67.4,68.3
BANSWRAS,160,168,158.9,168,168
BARBEQUE,1099.95,1099.95,1068.35,1079,1080
BARTRONICS,3,3,2.9,2.9,2.9
BASF,3459.7,3494.9,3417,3432.9,3440
BASML,85.8,87,84.2,85.55,85.4
BATAINDIA,1716.2,1736.95,1700.7,1722.95,1721.9
BAYERCROP,5300,5380,5250,5293.55,5297.25
BBL,1299.95,1321.2,1287.6,1301.65,1296
BBTC,1211.4,1230,1190,1199.5,1199
BBTCL,91.6,91.6,91.6,91.6,91.6
BCG,35.5,35.5,34.55,35.5,35.5
BCLIND,230,232.45,228,230.6,229.4
BCONCEPTS,27.95,27.95,27.95,27.95,27.95
BCP,3.8,3.95,3.75,3.85,3.95
BDL,392,396,380.25,382.05,381.95
BEARDSELL,13.9,14.4,13.75,13.8,13.75
BECTORFOOD,396.8,398,392.1,394.9,395.4
BEDMUTHA,38.7,39.5,36.8,37.15,38
BEL,181.5,186,181.3,185.3,184.5
BEML,1297.95,1303.6,1278.35,1298.6,1300
BEPL,173.95,184.85,172,181.7,182.9
BERGEPAINT,789.35,790.7,775.3,785.85,785.9
BESTAGRO,653,680,648.15,674.1,680
BETA,350,351,350,350.5,351
BFINVEST,329.7,335.9,325.55,329.45,328
BFUTILITIE,387,394.95,382,390.45,389.95
BGRENERGY,52.1,52.4,50.65,51.35,51.35
BHAGERIA,239.7,248,237,244.35,243.7
BHAGYANGR,48.2,49.5,47.55,48.75,48.4
BHAGYAPROP,30.4,31.3,30.4,30.85,30.4
BHANDARI,2.9,2.9,2.75,2.75,2.8
BHARATFORG,729.05,734.65,722.25,729.45,728
BHARATGEAR,120.2,127,119,124.85,122
BHARATRAS,12060,12475,12002,12313.35,12290
BHARATWIRE,62.25,64.85,62.25,63.75,62.75
BHARTIARTL,588.8,605.4,585.05,595.15,588.45
BHEL,52.45,54.7,52.3,54.2,53.85
BIGBLOC,116.9,116.9,106.2,107.75,106.65
BIL,214,214,202,210.75,210.6
BINDALAGRO,22.95,23.15,22.2,22.8,22.75
BIOCON,341,348.05,339.55,346.7,346.5
BIOFILCHEM,66.95,67.7,63.65,64.65,63.65
BIRET,252.2,262,252.2,258.1,258
BIRLACABLE,92,92,85.15,88.8,89
BIRLACORPN,1270,1315,1269,1300.6,1297
BIRLAMONEY,61,62.45,59.9,61.05,61.25
BIRLATYRE,24.3,24.3,23.7,23.9,23.85
BKMINDST,1.5,1.55,1.45,1.5,1.55
BLBLIMITED,9.95,10.15,9.45,10.15,10.15
BLISSGVS,102.4,105,102.25,103.85,103.85
BLKASHYAP,25.35,25.7,24.5,25.15,25.6
BLS,197,204.5,195.55,197.15,196
BLUEDART,5680,5742.3,5641.1,5690.9,5700
BLUESTARCO,774,779.3,764,768.5,768.55
BODALCHEM,105,109.95,105,107.05,106.75
BOMDYEING,84.85,91.9,83.6,91,90.7
BOROLTD,209.25,211.9,199,201.1,203
BORORENEW,304,307.9,299.5,301.05,303
BOSCHLTD,13660.05,13701.4,13570,13642.75,13626
BPCL,469.05,473.7,466.15,471.3,471.15
BPL,34,35.85,33.5,35.85,35.85
BRFL,7.3,7.5,7,7.3,7.3
BRIGADE,309.9,314,298.8,301,302
BRIGHT,5.05,5.05,4.8,4.8,4.8
BRITANNIA,3944.7,3972.95,3911.75,3941.55,3935
BRITANNIA,31.49,31.49,30.9,30.92,30.95
BRITANNIA,29.38,29.59,29.38,29.5,29.5
BRNL,31.45,31.45,30.4,30.7,30.85
BROOKS,128.6,128.95,122.5,124.7,124.95
BSE,1107.9,1125,1091.45,1098.9,1092
BSHSL,307,310,285,295,295
BSL,58.9,58.9,56.5,56.7,56.95
BSLGOLDETF,4326.05,4346.95,4275,4292.95,4286.05
BSLNIFTY,185.99,185.99,182.06,185.35,185.35
BSOFT,406,409.85,403.5,407,406
BTML,70,75,70,70,70
BURGERKING,166.6,173.9,166.6,171.75,170.65
BURNPUR,2.65,2.7,2.6,2.7,2.7
BUTTERFLY,735,744.75,714,736.5,744.75
BVCL,25.5,25.5,24.4,24.8,24.5
BYKE,27.6,28.35,26.7,28,28.35
CADILAHC,542.45,551.7,539.2,550.55,550.85
CADSYS,21,21,21,21,21
CAMLINFINE,169,176.4,165.25,170.8,169.95
CAMS,3289,3539.9,3289,3435.05,3459.85
CANBK,153.15,153.45,151.2,151.6,151.4
CANDC,2.95,2.95,2.9,2.9,2.9
CANFINHOME,518.95,530,515,525.25,523.6
CANTABIL,355,364.1,355,362.1,362
CAPACITE,159.1,160.7,150,151.1,152.25
CAPLIPOINT,724.7,734,711,717.6,715
CAPTRUST,90.9,92,86.55,90.15,90.7
CARBORUNIV,764.8,800,764,783.35,782.8
CAREERP,158.15,161,153.5,159.75,158.5
CARERATING,666,680,661.6,674.55,671.2
CARTRADE,1420.05,1465,1414.85,1435.4,1434
CASTROLIND,135.3,135.3,133.15,133.65,133.15
CCHHL,6.55,6.7,6.2,6.5,6.5
CCL,380,387,377,381.4,380.5
CDSL,1162.6,1182,1150,1168.15,1167
CEATLTD,1268.95,1290,1261.1,1285.65,1287.8
CEBBCO,31.2,31.9,30.55,31.05,31.25
CELEBRITY,10,10.05,9.35,9.9,10.05
CENTENKA,424.9,428,414.95,425.55,426.15
CENTEXT,9,9.55,9,9.55,9.45
CENTRALBK,20.1,21,19.8,20.7,20.9
CENTRUM,34.65,35.1,33.35,34.3,34.4
CENTUM,475.2,489,461.6,466.2,467
CENTURYPLY,393.6,397.55,388.25,395.15,396.4
CENTURYTEX,754.05,767.85,742.2,747.1,747
CERA,4605.55,4671,4583.3,4621.9,4590.5
CEREBRAINT,57.95,59,56.25,57.5,57.7
CESC,758,764.7,755.55,758.55,757
CGCL,510,524.9,510,515.4,516.8
CGPOWER,84,84.55,83,84.05,84.2
CHALET,165.65,166.5,163.2,163.75,163.7
CHAMBLFERT,328,328.2,320.35,322.55,322.55
CHEMBOND,223.9,228.8,218,223.8,222.8
CHEMCON,443,455.65,440.4,451.3,450.1
CHEMFAB,153.45,154.9,151.05,151.8,152
CHEMPLASTS,530.25,545,530.25,543.1,542
CHENNPETRO,102.75,103.9,101.4,102.6,102.65
CHOLAFIN,531.95,534.75,520.25,524.8,522
CHOLAHLDNG,658.9,658.9,646.05,652.4,652.9
CIGNITITEC,510,538.7,510,534.2,534
CINELINE,90,91.35,87.05,88.8,88.25
CINEVISTA,12.2,12.5,11.6,11.7,11.7
CIPLA,913.8,925.45,907.5,923.9,922
CLEAN,1433.7,1453,1424.3,1436.85,1435.15
CLEDUCATE,136.5,137,130.25,132,131.55
CLNINDIA,548,559.8,542.15,552.2,552.7
CLSEL,118,120.95,116.35,117.3,118.9
CMICABLES,48.8,48.9,47.5,47.7,47.55
COALINDIA,137.9,139.3,137.05,138.55,139.1
COCHINSHIP,351.65,357,349.3,352.7,352.2
COFFEEDAY,27.25,27.45,26.15,26.2,26.3
COFORGE,4995.1,5128.55,4947.25,5077,5080
COLPAL,1655.9,1667.35,1650.1,1655.6,1659
COMPINFO,25.05,27,24.5,26.6,26.4
COMPUSOFT,13.7,14,13.6,13.7,13.65
CONCOR,656.45,659.95,649.4,653.35,655
CONFIPET,73.25,76.8,72.45,74.15,75
CONSOFINVT,124,124,121.15,122.1,122
CONTI,5.5,5.5,5.45,5.45,5.45
CONTROLPR,341.95,352.25,341,345.2,346
CORALFINAC,40,42.65,39.15,41,40.8
CORDSCABLE,51.85,55.5,51.85,53.9,54.5
COROMANDEL,767.8,782.95,765.15,766.8,766.8
COSMOFILMS,1260,1278.05,1254.8,1268.6,1278
COUNCODOS,2.9,2.9,2.65,2.75,2.8
COX&KINGS,1.65,1.65,1.6,1.65,1.65
CPSEETF,25.39,25.44,25.02,25.38,25.4
CRAFTSMAN,1922.6,1952,1920.25,1937,1940
CREATIVE,231,239,224.55,229.1,228
CREDITACC,658,671.5,641.2,663.15,665
CREST,127.9,128,125,125.8,127
CRISIL,2745,2840,2701,2795.4,2787.9
CROMPTON,460,461.2,452.5,459.9,461.15
CROWN,83.25,86.4,83.05,85.7,85.7
CSBBANK,302.2,302.2,295.2,296.65,296.95
CTE,55.35,55.9,50.6,50.75,50.85
CUB,144,149.35,144,148.3,148.25
CUBEXTUB,20.25,20.75,19.9,20.75,20.75
CUMMINSIND,982.1,986,971.75,980,980
CUPID,228.5,232.95,226.1,227.05,227
CYBERMEDIA,10.6,10.6,9.75,9.95,9.9
CYBERTECH,167.65,171.35,165.05,167.35,167.5
CYIENT,942,956,936.85,945.25,943.5
DAAWAT,67.65,67.65,66.05,66.45,66.35
DABUR,608,612.6,605.05,608.75,608.7
DALBHARAT,2050,2062,2013,2032.05,2025
DALMIASUG,444.25,444.25,430.05,435.45,434
DAMODARIND,39.6,41.95,39.6,41.55,41.25
DANGEE,187.45,193,183.8,191.55,192.95
DATAMATICS,313.4,325,308.05,315,316.5
DBCORP,83,85.65,82.1,82.55,82.4
DBL,513,521,509,516.8,518
DBREALTY,20.65,21.5,20.65,21.35,21.25
DBSTOCKBRO,20.6,20.6,20.6,20.6,20.6
DCAL,184.4,186.45,180.1,182.95,182.9
DCBBANK,83.55,89.3,83.55,88.15,88.95
DCM,51.7,51.75,49.4,50.8,50.8
DCMFINSERV,2.6,2.6,2.6,2.6,2.6
DCMNVL,220.5,223,211,215.7,217.45
DCMSHRIRAM,885,905.6,885,891.8,900
DCW,34.4,37.35,33.9,36.9,36.7
DECCANCE,700.45,711.95,685.5,696.15,699.8
DEEPAKFERT,410.85,413.5,400.5,411.2,409
DEEPAKNTR,2080,2136.8,2076.5,2130.95,2133
DEEPENR,40.15,40.15,38.75,39.45,39.2
DEEPINDS,139.1,140,134,135.55,134.5
DELTACORP,172.75,177,170.25,175.1,174.4
DELTAMAGNT,52.25,52.7,50.95,51.85,51.7
DEN,46.5,47.45,46.25,47,47.1
DENORA,332.45,338.75,324,326.85,325.6
DEVIT,115,115,108,108,108
DEVYANI,112.7,112.7,111.05,112.1,112
DFMFOODS,337.15,344.95,334,342.05,344.8
DGCONTENT,12.1,12.15,11.15,12.1,11.65
DHAMPURSUG,319.7,319.7,307.6,311.7,312
DHANBANK,14.8,15.5,14.75,15.1,15.1
DHANI,186.7,189.5,185,186.15,185.55
DHANILOANS,1001,1001,1000.1,1000.1,1000.1
DHANILOANS,1022.13,1025.14,1022.13,1025.14,1025.14
DHANIPP,82.7,84.35,81.65,82.1,81.65
DHANUKA,865.1,868.65,847.55,865.4,865
DHARSUGAR,17.5,18.2,17.35,18.2,18.2
DHUNINV,614.95,638,605,631.4,638
DIAMONDYD,671.5,677.9,661,664.1,663
DIAPOWER,0.65,0.7,0.65,0.7,0.7
DICIND,453.1,465.75,452.25,460.35,462
DIGISPICE,53,55.55,51.25,54.1,54
DISHTV,12.7,13.05,12.65,12.75,12.75
DIVISLAB,4846.65,4934.05,4824.35,4910.7,4911.3
DIXON,4065,4146.95,4008.75,4046.25,4050
DLF,309,314.3,308.25,311.8,310.85
DLINKINDIA,129,133.2,127,130.35,130.75
DMART,3887,3898,3815,3833.05,3824
DNAMEDIA,1.9,1.9,1.9,1.9,1.9
DODLA,550.15,556.3,547,550.25,553
DOLAT,95.9,98.05,94.5,95.75,96.4
DOLLAR,354.75,354.75,345,346.4,346
DONEAR,55,56.55,54.45,55.9,56.2
DPABHUSHAN,202.1,207,202,203.6,204.75
DPSCLTD,14.85,14.85,14.1,14.3,14.3
DPWIRES,216,218.3,210.05,215.15,214.95
DRCSYSTEMS,276,293,276,286.15,283.9
DREDGECORP,349.7,355.55,344,350.15,348.5
DRREDDY,4506,4610.8,4506,4600.55,4593
DSML,18.6,19.95,18.6,19.95,19.95
DSSL,122.15,124.6,120.05,122.2,121.5
DTIL,282.05,290,268,278.3,274.5
DUCON,11.2,11.2,10.95,11.2,11.2
DUDIGITAL,66.15,66.15,66.15,66.15,66.15
DVL,270.85,299.7,261,283.7,285.1
DWARKESH,71.5,71.5,69.55,70.05,70.15
DYNAMATECH,2400,2492.7,2311,2342.3,2345
DYNPRO,541.3,559.05,540,549.5,554
E2E,48,48,46.1,46.35,46.2
EASEMYTRIP,434,446.45,430,443.85,444
EASTSILK,4.05,4.05,3.85,3.95,4.05
EASUNREYRL,2.9,2.9,2.75,2.75,2.75
EBANK,3800,3965.45,3800,3965,3965
EBBETF0423,1144.58,1146,1144.58,1145.97,1145.63
EBBETF0425,1065,1070,1063.6,1069.7,1070
EBBETF0430,1177.5,1177.5,1165.06,1166.99,1167
EBBETF0431,1046,1049.98,1045.11,1047.39,1046.51
EBIXFOREX,568.7,570,539.75,553.05,562.55
EC2RD,11.6,11.7,11.6,11.7,11.7
EC2RG,11.52,12,11.52,11.54,11.54
ECLERX,2249.95,2265,2218.1,2257.7,2258
ECLFINANCE,988,988,988,988,988
ECLFINANCE,1280,1280,1280,1280,1280
ECLFINANCE,965,970,965,970,970
ECLFINANCE,930,930,928,929,928.9
ECLFINANCE,899.8,899.8,883,883.94,883.05
ECLFINANCE,1053,1062.2,1053,1062.2,1062.2
ECLFINANCE,1261.8,1275,1261.8,1275,1275
ECLFINANCE,995,995,995,995,995
ECLFINANCE,1015,1059.88,836,1045.44,1056
ECLFINANCE,1250,1251,1250,1250,1250
ECLFINANCE,996.01,1009.99,996,1001.03,1001
ECLFINANCE,1020,1020,1020,1020,1020
EDELWEISS,80.4,81.3,79.45,79.85,79.65
EDUCOMP,2.95,2.95,2.9,2.95,2.95
EHFLNCD,973,973,961.1,962.1,962.1
EHFLNCD,936,950,925,925,925
EICHERMOT,2570.2,2586.6,2547.6,2576.1,2569.9
EIDPARRY,412.6,412.6,405.1,408.15,406.7
EIHAHOTELS,311.25,311.25,304,306.65,305
EIHOTEL,105,106,104,104.6,104.6
EIMCOELECO,415.25,420.5,410.05,414.75,415
EKC,114.25,114.4,108,110.2,109.55
ELECON,164.4,167,161.75,163.2,162.55
ELECTCAST,35.15,36.4,35,35.15,35.25
ELECTHERM,125.45,131.8,122,125.15,125
ELGIEQUIP,191.3,195.75,191.3,193.4,193.4
ELGIRUBCO,36.65,37.45,36.05,37.2,37.4
EMAMILTD,590,599.9,585.9,596.55,596
EMAMIPAP,172.7,174.5,169,169.75,169.9
EMAMIREAL,63,64.65,63,63.85,64.1
EMBASSY,349.98,351.45,347.05,349.83,348.5
EMCO,1.85,1.9,1.8,1.9,1.9
EMKAY,120,121.8,119,119.9,120.95
EMMBI,104,104,101.75,102.7,102.7
ENDURANCE,1750,1750,1684.1,1698.7,1690
ENERGYDEV,9.85,9.85,9.45,9.75,9.8
ENGINERSIN,69.5,71.15,69.15,70.6,70.65
ENIL,180.8,187.45,177.8,182.85,182.2
EPL,232,235.95,227.15,230.15,228.65
EQ30,414.25,414.25,393,398.78,401
EQUITAS,116.95,117.1,114.25,115.5,115.5
EQUITASBNK,59.4,59.4,58.35,58.9,59
ERFLNCDI,960,962,960,960.13,960
ERFLNCDI,899,899,882.1,898,898
ERFLNCDI,900,900,900,900,900
ERIS,730,734.9,721,727.1,725
EROSMEDIA,18.5,18.5,17.3,17.4,17.35
ESABINDIA,2245,2324,2174,2217.5,2204
ESCORTS,1342,1379.2,1336.1,1347.5,1346.35
ESSARSHPNG,9.75,9.85,9.6,9.65,9.7
ESTER,134.8,136.4,130.1,133.25,133.5
EVEREADY,333.3,333.3,324.85,329.5,328.7
EVERESTIND,445,456.05,444.25,448.85,449.5
EXCEL,2.8,2.9,2.8,2.9,2.9
EXCELINDUS,1069.8,1140,1060.85,1123.15,1115
EXIDEIND,157.35,158.25,156.75,157.6,157.75
EXPLEOSOL,1099,1115.5,1065,1115.5,1115.5
EXXARO,125,131,125,131,131
FACT,118.8,120.9,117.1,118.95,118.5
FAIRCHEMOR,1824,1902.4,1800,1861.5,1890
FCL,96.9,100,96.55,98.85,98.5
FCONSUMER,6.8,6.85,6.65,6.7,6.7
FCSSOFT,1.7,1.7,1.65,1.65,1.7
FDC,335.9,348,335.9,338.65,338.6
FEDERALBNK,78,78.65,77.5,77.95,78
FEL,8.5,8.5,8.15,8.3,8.35
FELDVR,12.2,12.2,11.65,11.95,12
FIEMIND,967,996.5,922.65,965.1,965
FILATEX,94.5,95.6,93.4,93.65,93.5
FINCABLES,458.3,458.9,447,451.25,450.05
FINEORG,2854.25,2854.25,2806.75,2845.65,2848
FINPIPE,170,170.75,167.55,168.75,168.95
FLEXITUFF,16.6,16.7,15.5,16.7,16.7
FLFL,50.95,51.6,50.1,50.55,50.8
FLUOROCHEM,1698,1731,1680,1699,1692.1
FMGOETZE,278,281.45,273.45,280.1,280
FMNL,8,8,7.75,7.9,7.85
FOCUS,64.35,64.35,64.35,64.35,64.35
FORCEMOT,1348.5,1378,1307.15,1324.05,1323.8
FORTIS,274,296.9,269.4,294.5,295
FOSECOIND,1446.15,1516.95,1445.1,1485.9,1485
FRETAIL,45.9,46,44.9,45.15,45.3
FSC,62.9,63.45,62.05,62.85,62.95
FSL,181.4,183.45,178.35,181.85,181.3
GABRIEL,136.55,138.35,135.6,136.9,136.5
GAEL,167,167,163,164.75,165
GAIL,143.3,145.2,142,143.5,143.65
GAL,3.2,3.2,3,3.1,3.1
GALAXYSURF,3110,3118.3,3065,3095,3100
GALLANTT,66.6,67.9,65.7,67.5,67.7
GALLISPAT,52.45,55.55,52.45,54.1,54.55
GANDHITUBE,494.85,494.85,486.95,490.95,492
GANECOS,514.85,525,504.5,516.25,517
GANESHHOUC,121.2,134.85,121.2,134.85,134.85
GANGAFORGE,133.35,135.05,132.95,134.55,135
GANGESSECU,81,86.9,81,85.2,85.9
GARFIBRES,3120,3143.45,3103.75,3132.35,3132.5
GATI,138,143,135.6,137.8,137.4
GAYAPROJ,42.8,50.15,42.4,48.7,48.45
GDL,258,259.95,251.5,256.3,258
GEECEE,141.2,141.2,137.65,139.85,140.75
GEEKAYWIRE,86.5,86.95,71.15,83.45,83.95
GENCON,42.95,43,41.3,41.65,41.55
GENESYS,128.95,132.85,126.2,132.85,132.85
GENUSPAPER,9.95,9.95,9.65,9.75,9.75
GENUSPOWER,59.5,60.2,58,58.05,58.25
GEOJITFSL,78.6,79.9,78,78.5,78.25
GEPIL,315.1,324.45,314.1,321.6,320
GESHIP,345,346,331.85,334.6,332.05
GET&D,146.95,152.7,142.3,145.9,144
GFLLIMITED,67.8,68.4,66.3,67.6,67.1
GFSTEELS,2.1,2.2,2.1,2.2,2.2
GHCL,352,360,344,352.15,350.45
GICHSGFIN,142.5,143.5,140.05,141.5,141.25
GICRE,159.3,159.3,152.25,154.85,153.4
GILLANDERS,48.1,49.8,47.5,48.45,48
GILLETTE,5796,5848,5787,5825.25,5810
GINNIFILA,30.55,30.55,29.6,29.9,30.1
GIPCL,82.4,82.55,81.5,81.8,81.75
GISOLUTION,3.3,3.3,3.15,3.15,3.15
GKWLIMITED,695.2,695.35,635,637.5,635.1
GLAND,3920,3945,3870.1,3930.25,3929.3
GLAXO,1520,1520,1508.9,1515.65,1517.5
GLENMARK,513,522.3,512.35,516.6,516
GLFL,2.5,2.5,2.45,2.5,2.5
GLOBAL,45.3,46.9,43.35,44.9,43.35
GLOBALVECT,48.75,49.8,47.25,49.45,49.8
GLOBE,11,11,11,11,11
GLOBUSSPR,925,925,892.1,912.75,915
GLS,672.1,675.9,668,670.55,670.4
GMBREW,555,561.55,550,552.45,552
GMDCLTD,63,71.15,62.7,70.6,70.75
GMMPFAUDLR,4363,4393.85,4311.25,4323.85,4330
GMRINFRA,28.65,29.4,28.6,29.15,29.15
GNA,690,707,683.6,697.15,693
GNFC,316,326.15,316,317.7,317
GOACARBON,377.6,383.3,372.1,375.75,373.45
GOCLCORP,254.9,258.15,250.05,253,252
GODFRYPHLP,985,993,977.35,986.75,985
GODHA,35.35,35.35,35.35,35.35,35.35
GODREJAGRO,625.9,631.85,619.8,621.7,622
GODREJCP,1051.3,1057.4,1042.85,1054.05,1056.25
GODREJIND,555.1,558.8,547.05,551.15,549
GODREJPROP,1462,1485,1459.35,1473.7,1470
GOENKA,1,1.1,1,1.1,1.05
GOKEX,185.95,187.95,181.65,185.4,183.5
GOKUL,29.3,30.8,27.55,28.4,28.6
GOKULAGRO,38.8,39.25,35.85,37.6,37.2
GOLDBEES,41.38,41.38,40.84,40.86,40.88
GOLDENTOBC,80.2,80.2,80.2,80.2,80.2
GOLDIAM,674,686.35,663.05,679.7,684.8
GOLDSHARE,41.45,41.45,41,41.05,41.1
GOLDSTAR,22,22.05,22,22.05,22.05
GOLDTECH,16,16,16,16,16
GOODLUCK,267.9,280.85,264.6,280.85,280.85
GOODYEAR,1014.95,1041.55,1005.3,1035.9,1033
GPIL,1030,1136.35,1030,1136,1135
GPPL,100.6,101.8,100.15,100.9,101.25
GPTINFRA,87.45,88.75,85.05,86.5,86
GRANULES,326.35,333.6,323.45,331.05,331.3
GRAPHITE,619.7,648,609,644.95,643.1
GRASIM,1444,1468,1442.95,1458.3,1459.5
GRAUWEIL,59.15,59.4,57.05,57.95,58.4
GRAVITA,195.95,198.85,189.85,192.95,192.5
GREAVESCOT,131.3,134.05,129.15,129.75,129.9
GREENLAM,1370.05,1379.2,1355,1360.85,1370
GREENPANEL,247,254.15,242.1,250.6,251.15
GREENPLY,187.7,188.3,181.25,181.9,182.4
GREENPOWER,3,3.15,2.95,3,3.05
GRINDWELL,1252,1277.55,1239.25,1260.55,1260.7
GRINFRA,1579.45,1579.45,1543,1570.85,1570
GROBTEA,1082.5,1102.45,1040.45,1085.1,1071
GRPLTD,974.45,978.7,945.5,967.5,967
GRSE,185.95,186.15,182.55,183.65,183.95
GSCLCEMENT,48.3,50.4,48.05,49.45,49.85
GSFC,100.2,101,98.25,98.6,98.6
GSPL,346.45,350.95,344.1,347.05,348.75
GSS,67.4,74,66.4,72,71.95
GTL,17.2,17.2,15.6,16.5,16.3
GTLINFRA,1.85,1.85,1.85,1.85,1.85
GTNTEX,7.9,7.9,7.85,7.85,7.85
GTPL,222.65,225.1,220.4,221.5,220.55
GUFICBIO,186.4,187.55,183.1,184.7,184.7
GUJALKALI,438.6,455,438.4,448.9,451.6
GUJAPOLLO,214.1,218.3,214.1,215,215.95
GUJGASLTD,704.95,712.8,698,710.8,711
GUJRAFFIA,29,30.65,29,30.6,30.65
GULFOILLUB,600,625.85,588.95,615.45,610.05
GULFPETRO,52.05,53.45,50.4,52.05,51.95
GULPOLY,249,251.9,240,241.9,240
HAL,1293.45,1399,1265.2,1381.4,1379.25
HAPPSTMNDS,1439,1444.3,1407.45,1413.9,1414
HARRMALAYA,201.55,201.55,193.5,197.8,198.55
HATHWAY,23.2,23.35,22.85,23,22.9
HATSUN,1045,1050.45,1023.4,1045.4,1044.8
HAVELLS,1218,1238.95,1215,1235,1231
HAVISHA,1.3,1.3,1.3,1.3,1.3
HBANKETF,356.46,358,354.36,355.69,355.28
HBLPOWER,46.25,46.95,45.85,46.5,46.25
HBSL,40.95,40.95,40,40.95,40.95
HCC,9.5,9.7,9.5,9.55,9.6
HCG,220,230.9,220,230.15,230.05
HCL-INSYS,13,13,12.4,12.55,12.6
HCLTECH,1167.45,1169.75,1159.5,1162.95,1162
HDFC,2694.1,2724.65,2662.05,2718.2,2716.1
HDFC,755,787,755,785.4,786.85
HDFCAMC,2980,3053,2967.2,3030.3,3038
HDFCBANK,1552,1558.65,1545.25,1548.45,1548.7
HDFCLIFE,700.35,707,698.85,704.1,702.5
HDFCMFGETF,42.28,42.28,41.86,41.92,41.99
HDFCNIFETF,178.3,178.3,176.31,178.01,178
HDFCSENETF,612,612,602,606.45,609.99
HDIL,4.3,4.5,4.2,4.25,4.25
HECPROJECT,101.2,101.2,101.2,101.2,101.2
HEG,2215.75,2250,2204.5,2241.85,2242
HEIDELBERG,259.8,259.8,253.4,255.7,254.55
HEMIPROP,125.05,128.35,124.85,125.8,126
HEOFRG1126,12.26,12.27,12.26,12.26,12.26
HERANBA,790,829.7,789.95,819.3,820.5
HERCULES,137.45,140,136.25,137.15,138
HERITGFOOD,447.1,458.3,445.4,453.55,453.6
HEROMOTOCO,2648,2679.9,2636,2674.05,2671
HESTERBIO,2300,2364,2295.8,2313.2,2297.55
HEXATRADEX,224.4,224.4,212,215.1,214
HFCL,67.9,70.2,66.5,68.4,68.55
HGINFRA,550,561.45,536.95,554.9,560
HGS,2775,2824,2715,2795.45,2760.15
HIKAL,635.95,659,632.1,647.6,646.95
HIL,5401,5560,5395,5527.15,5521
HILTON,11.7,11.7,11.3,11.45,11.5
HIMATSEIDE,248.5,249,241.25,242.9,242
HINDALCO,427,439,427,437.9,438.3
HINDCOMPOS,308.1,310.45,305.6,309.35,310.4
HINDCON,62.05,64.55,62.05,63.25,63.7
HINDCOPPER,115.55,117.6,115,115.7,115.15
HINDMOTORS,7.75,7.95,7.55,7.7,7.75
HINDNATGLS,36.25,37.7,35.5,36.8,36.8
HINDOILEXP,163.5,172.4,163.5,167.6,167.95
HINDPETRO,256,258.4,255,256.6,256.45
HINDUNILVR,2669,2690,2651.1,2677.95,2676.05
HINDZINC,315.05,320.8,313.1,318.2,317.75
HIRECT,194,195.7,185.8,186.55,185.9
HISARMETAL,123.65,144.4,121.5,134.35,133.65
HITECH,575,584,559,564.15,561
HITECHCORP,204.8,205.4,200.5,201.3,200.5
HITECHGEAR,264.8,264.8,251.1,253.7,251.5
HLEGLAS,4065,4369,4017.7,4211.75,4229.15
HLVLTD,8.1,8.1,7.8,7.95,7.95
HMT,29,30,27.5,28.5,28.5
HMVL,78.9,78.9,76,76.7,77
HNDFDS,1805,1809.95,1780,1803.4,1795.1
HNGSNGBEES,328.6,330.3,326,328.37,326.95
HOMEFIRST,566.75,566.75,552.3,560.1,560
HONAUT,39882.5,40220.85,39401,39706.4,39560
HONDAPOWER,1260,1260,1211.6,1229.95,1230.55
HOVS,65.3,68.5,63.7,64.45,63.8
HPL,67.1,67.85,66.5,66.95,66.95
HSCL,44.45,46.8,44.15,46.2,46.1
HSIL,218.3,222,213.65,219.15,218.15
HTMEDIA,23.15,23.85,22.7,23.5,23.4
HUBTOWN,29.9,30.15,27.8,28.15,28.95
HUDCO,40.7,42.75,40.5,42.15,42.2
HUDCO,1213,1215,1213,1213.02,1213
HUDCO,1056,1059.99,1055.02,1057.49,1057.49
HUDCO,1074.61,1075,1074.61,1075,1075
HUDCO,1242.26,1242.51,1240.5,1241.79,1242.5
HUDCO,1319.99,1319.99,1315,1315,1315
HUDCO,1472,1472.5,1447.13,1447.13,1447.13
HUHTAMAKI,265.85,267.2,262.1,262.7,262.7
IBMFNIFTY,159,160,159,159,159
IBREALEST,134.4,139.7,134,135.45,135.05
IBUCCREDIT,1075,1075,1075,1075,1075
IBUCCREDIT,1025,1025,1025,1025,1025
IBUCCREDIT,970,970,965,965,965
IBULHSGFIN,220,222.9,217.6,220,219.55
IBULHSGFIN,1075.1,1077,1070.9,1070.9,1070.9
IBULHSGFIN,970,970,947,947.83,947
IBULHSGFIN,1009.99,1009.99,1009.99,1009.99,1009.99
ICDSLTD,94.4,94.4,94.4,94.4,94.4
ICEMAKE,72.95,73.95,69.75,70.8,69.75
ICICI500,234,234.9,231.4,234,233.2
ICICIALPLV,169.81,171.9,167.1,171.86,171.9
ICICIB22,40.4,40.4,39.6,40.18,40.2
ICICIBANK,696.1,700.45,689.05,699.75,699.3
ICICIBANKN,364.7,364.7,352.08,356.34,355.83
ICICIBANKP,183.98,183.98,180.01,181.89,182.2
ICICIFMCG,389,389,385.26,387.92,388.9
ICICIGI,1482.85,1567.8,1477.8,1557.7,1562.95
ICICIGOLD,38,42.2,38,41.95,41.81
ICICILIQ,1000,1000,999.99,999.99,999.99
ICICILOVOL,131.84,138.7,131.84,136.89,136.9
ICICIM150,104.5,106.44,104.5,105.84,105.9
ICICIMCAP,99.7,99.7,97.45,98.22,98.3
ICICINF100,183,183.5,181.2,183.07,183.45
ICICINIFTY,179.3,179.38,177.58,179.15,179.16
ICICINV20,91.99,92.06,91,91.96,92
ICICINXT50,41,41.3,40.31,41.17,41.25
ICICIPHARM,88.29,88.99,87.3,88.19,88.51
ICICIPRULI,652.65,661.95,649,656.15,657.5
ICICISENSX,610,614,605.9,610.25,610.5
ICICITECH,343.3,351.16,343.3,348.75,348.51
ICIL,237.8,241,226,228,228.6
ICRA,3637,3675,3563.25,3589,3593
IDBI,37.9,38.6,37.65,38.5,38.55
IDBIGOLD,4351.35,4396,4305,4335.55,4320
IDEA,5.9,6.1,5.85,6,6.05
IDFC,47.35,48.85,46.45,48.45,48.35
IDFCFIRSTB,42.6,42.95,41.85,42.5,42.55
IDFCFIRSTB,11431.01,11482,11431.01,11482,11482
IDFCFIRSTB,5175,5180,5171.1,5171.1,5171.1
IDFCFIRSTB,10951.01,10970,10951,10970,10970
IDFNIFTYET,174.13,175.37,172.95,175.37,175.37
IEX,442,443,431.3,433.85,436
IFBAGRO,552,552,529.05,535,536
IFBIND,919,925.2,906.15,915.75,919
IFCI,11.25,11.75,11.05,11.25,11.25
IFCI,1076.2,1084.99,1073,1079.01,1079
IFCI,1052,1052.01,1051.25,1051.25,1051.25
IFGLEXPOR,314,317,306,308.7,308.25
IGARASHI,523.8,527.5,510,513.1,511
IGL,525.05,531.5,522.5,524.8,524.9
IGPL,565,614.65,560.65,603,598.8
IIFCL,1132,1145,1132,1145,1145
IIFCL,1414,1416,1414,1416,1416
IIFL,278,286.75,275.05,283.7,285
IIFL,1030,1030,1020.3,1020.35,1020.35
IIFL,1069.7,1080,1069.7,1080,1080
IIFL,1025,1025,1018.6,1018.6,1018.6
IIFL,990,1010,990,1002.12,1000.06
IIFL,998.65,998.66,990.15,995.34,995.8
IIFL,992,992,992,992,992
IIFLSEC,95.45,95.7,92.1,93.55,93.5
IIFLWAM,1508.3,1520.7,1498.45,1503.7,1507.55
IIHFL,985,991.99,985,988,988
IIHFL,982,989.7,975,987.88,987.95
IIHFL,935,940,925,931.61,925
IITL,66.95,67.5,65,65.25,66.1
IL&FSENGG,4.35,4.65,4.35,4.55,4.6
IL&FSTRANS,4,4,3.7,4,4
IMAGICAA,8,8.05,7.7,7.85,7.85
IMFA,699,699,671,679.7,677
IMPAL,805,805,770.1,787.75,791.5
INCREDIBLE,25.65,27.8,25.65,27.2,27
INDBANK,23.8,23.8,22.8,23,23.3
INDHOTEL,141.9,141.9,136.7,140.15,140.4
INDIACEM,159,163.75,158.4,163.05,162.75
INDIAGLYCO,699.25,726.6,698,722.45,725
INDIAMART,7100,7234.95,7077,7143.45,7138.3
INDIANB,123.7,124.7,122,123.4,124.4
INDIANCARD,170,170,164.05,166.3,164.25
INDIANHUME,200,211,200,206.3,205.05
INDIGO,1759.35,1783,1734.55,1776.85,1776.2
INDIGOPNTS,2526.05,2600,2526.05,2590.6,2585.5
INDIGRID,134,134.15,133.8,133.95,133.9
INDIGRID,972.02,972.02,972.02,972.02,972.02
INDIGRID,1062,1064.9,1055,1060.01,1060
INDLMETER,11.4,11.4,10.8,11.3,11.3
INDNIPPON,352,364.6,342.45,361.45,360.05
INDOCO,450.95,466.4,447,450,450.45
INDORAMA,49,49.75,48.3,49.2,49.65
INDOSOLAR,2.55,2.55,2.35,2.45,2.45
INDOSTAR,290.85,290.9,285,288.2,286
INDOTECH,168,178.5,166.6,170.9,170.05
INDOTHAI,77.35,83.05,76.35,82.5,83
INDOWIND,7.05,7.05,6.55,6.9,6.9
INDRAMEDCO,74.6,75,74.05,74.25,74.25
INDSWFTLAB,69.85,69.85,66.95,67.8,67.5
INDSWFTLTD,9.15,9.15,9.1,9.15,9.15
INDTERRAIN,37.45,37.45,36.2,37.1,36.95
INDUSINDBK,997,1000.85,987,990.2,990.2
INDUSTOWER,215.95,219,214.25,216.3,216.25
INEOSSTYRO,1269.8,1294,1241,1275.8,1284
INFIBEAM,41.55,41.9,39.5,40.15,40.2
INFOBEAN,386.95,389,372,384.35,387
INFRABEES,470,475,469.99,473.27,474.2
INFY,1725,1727.7,1705.2,1708.8,1707.5
INGERRAND,922,928.55,915,920.05,925.2
INNOVANA,127.5,136.75,127.5,136.75,136.75
INOXLEISUR,307.5,311.35,305,306,306.3
INOXWIND,106,112,103.7,105.9,104.5
INSECTICID,722,728.65,712.85,718.5,716.5
INSPIRISYS,48.8,49,47,48.1,48.8
INTELLECT,670,670,648,652.15,652
INTENTECH,74.8,76.75,71.95,73.45,74.5
INVENTURE,3,3.05,2.95,2.95,3
IOB,19.35,19.85,19.15,19.55,19.75
IOC,105.75,106.45,105.3,105.95,105.65
IOLCP,554.7,568.1,547,556.5,552.4
IPCALAB,2534.95,2585,2440.25,2459.9,2450
IPL,309.1,313.4,308,309.05,308.75
IRB,162.7,170.8,161.4,166.1,166.7
IRBINVIT,55.72,56.05,55.27,56,56
IRCON,42.9,43,42.4,42.85,42.85
IRCTC,2625,2656.8,2605,2648.7,2648.35
IREDA,1298.89,1298.89,1298.89,1298.89,1298.89
IREDA,1408.5,1408.5,1402.11,1406.24,1402.11
IREDA,1251.99,1252,1251.99,1251.99,1252
IRFC,22.85,23,22.75,22.85,22.85
IRFC,1085.15,1086.25,1085.15,1086.25,1086.25
IRFC,1247.99,1248,1247.99,1247.99,1248
IRFC,1209,1210,1205.1,1205.1,1205.1
IRFC,1160.99,1160.99,1160.9,1160.9,1160.9
IRFC,1276.2,1293.99,1276.2,1293.99,1293.99
IRFC,1139.8,1139.8,1139.8,1139.8,1139.8
IRFC,1355,1355,1355,1355,1355
IRFC,1251,1260.1,1251,1258.1,1260
IRFC,1160,1164.99,1160,1164.99,1164.99
IRFC,1266,1270,1266,1270,1270
IRISDOREME,171.15,175,170,172.25,175
ISEC,702,707.8,687.95,705.65,705.6
ISFT,105.85,109.95,105,108,108
ISGEC,703.7,708.6,695,701.3,698.05
ISMTLTD,26.65,27.1,25.15,26.6,26.55
ITC,205,206.85,204.9,205.9,206.05
ITDC,383.5,383.5,371.95,373.85,372.1
ITDCEM,77,77,74.2,75.35,76
ITI,112.45,116.35,112.45,114.15,114.2
IVC,6.7,6.9,6.45,6.6,6.65
IVP,111,114.5,108.45,112.85,112
IVZINGOLD,4250.7,4272.8,4230.05,4236.8,4230.05
IVZINNIFTY,1816,1816,1816,1816,1816
IWEL,750,777,737.55,747.25,740
IZMO,101.6,101.6,96.1,99.2,98
J&KBANK,33.7,36.1,33.3,35.15,35.55
JAGRAN,56.5,57.55,56,56.35,56.5
JAGSNPHARM,154.95,156.95,148.25,151.25,152
JAIBALAJI,59,59,57,57.2,57.15
JAICORPLTD,125.05,129,124.4,125.8,125.25
JAINSTUDIO,1.9,1.9,1.85,1.85,1.85
JAIPURKURT,75.9,75.9,71,73.85,75.75
JALAN,13.55,13.55,13.55,13.55,13.55
JAMNAAUTO,87,91,85.7,87.6,87.3
JASH,504,504,480,486.85,487.85
JAYAGROGN,224.5,237,223.3,235.15,235.1
JAYBARMARU,179,182.05,178,180.15,180.9
JAYNECOIND,20.65,20.65,20.65,20.65,20.65
JAYSREETEA,108.7,110.75,106.55,107.4,107.2
JBCHEPHARM,1686.1,1702.55,1665.15,1678.15,1676
JBFIND,21.95,22.7,20.9,21.3,21.25
JBMA,454.35,454.35,448.3,449.15,449.65
JCHAC,2198,2239.9,2142.3,2162.25,2163.95
JETAIRWAYS,76.5,76.5,74.5,75.2,75.5
JETFREIGHT,29.6,29.6,29.6,29.6,29.6
JHS,24.1,25.2,24.05,24.45,24.4
JINDALPHOT,81.85,82.75,80.05,80.5,81.2
JINDALPOLY,956,984.95,938.55,950.55,951.1
JINDALSAW,118.65,121.2,118.35,119.95,119.75
JINDALSTEL,372,376.4,370,371.5,371
JINDRILL,133.55,133.55,128.25,130.1,130.15
JINDWORLD,65.15,66,63.6,65.45,65.15
JISLDVREQS,18.75,19.6,18.2,19.55,19.6
JISLJALEQS,29.85,32.05,29.2,31.95,31.65
JITFINFRA,64.6,64.6,64.6,64.6,64.6
JKCEMENT,3170,3170,3120,3125.3,3124
JKIL,195,196.95,193.4,194.35,194.4
JKLAKSHMI,705,715,698.65,712.4,714
JKPAPER,238,244.55,238,239.55,238.35
JKTYRE,145.05,146.2,144.05,144.95,144.4
JMA,60.8,61.7,58.85,61.1,61.7
JMCPROJECT,98.35,98.35,93.6,95.45,95.45
JMFINANCIL,90.3,90.3,87.65,89.5,89.85
JMTAUTOLTD,2.55,2.6,2.55,2.6,2.6
JOCIL,227.05,234,227.05,232.55,231
JPASSOCIAT,8.25,8.3,7.8,8.05,8.15
JPINFRATEC,1.95,1.95,1.9,1.95,1.95
JPPOWER,4,4.1,3.9,4.1,4.1
JSL,145,149.9,144.65,146.6,146.7
JSLHISAR,273,282,272.15,274.85,274.6
JSWENERGY,242.7,249.8,236,249.2,248
JSWHL,5060,5060,4880.45,4907.35,4905.2
JSWISPL,31.1,31.55,30.15,31.05,31.25
JSWSTEEL,672.9,681.4,671.75,677.5,677.45
JTEKTINDIA,101.5,103.7,100.9,102.6,102.5
JUBLFOOD,3829.9,3835.9,3732.25,3812.35,3806
JUBLINDS,521,524,505.1,514.65,516.9
JUBLINGREA,709.9,724,703,715.4,715
JUBLPHARMA,619,628.1,615,621.1,621.8
JUMPNET,8.05,8.45,8.05,8.45,8.45
JUNIORBEES,492.85,492.85,392.75,422.04,421.4
JUSTDIAL,952.8,974,947.15,951.35,952.4
JYOTHYLAB,160.65,161,157.7,158.9,158.9
JYOTISTRUC,11,11,11,11,11
KABRAEXTRU,243.3,269.7,242.1,256.6,256
KAJARIACER,1162.95,1219.9,1161,1185.05,1185
KAKATCEM,250.6,252.45,239.1,244.2,245
KALPATPOWR,394.3,397,387,388.15,388.1
KALYANIFRG,206.05,217.95,204.25,210,210
KALYANKJIL,62.95,63.35,62.5,62.9,62.9
KAMATHOTEL,45,45,43.45,44.6,45
KAMDHENU,159.95,161.65,156.25,157.25,158.7
KANANIIND,8.95,9,8.35,9,9
KANORICHEM,152.8,156.15,142,150.75,150.8
KANPRPLA,235.05,238.9,228.95,234.2,232.65
KANSAINER,626.95,632.3,615.1,622.15,622.5
KAPSTON,87.75,87.75,85.5,85.6,85.6
KARDA,20.5,20.9,19.4,19.5,19.5
KARMAENG,20.7,21.7,19.85,21.55,21.7
KARURVYSYA,40.5,43.25,40.1,42.45,43.25
KAUSHALYA,2.6,2.7,2.6,2.6,2.6
KAVVERITEL,5.55,5.55,5.55,5.55,5.55
KAYA,413,440.7,413,432.25,432
KCP,140,142,136.4,138.5,137
KCPSUGIND,23.2,23.2,22.3,22.6,22.75
KDDL,415,430,397,410.75,411.95
KEC,397.45,405,390.6,402.75,403
KECL,17.65,17.65,16.8,17.15,17.1
KEERTI,18.15,18.7,17.55,17.85,17.8
KEI,734,744,729.3,739.5,738.9
KELLTONTEC,43.95,44.85,43,44.15,44.2
KENNAMET,1469.7,1499.9,1411.25,1437.6,1447.8
KERNEX,71.95,71.95,67.1,68.05,67.1
KESORAMIND,77.75,81.65,75.65,79.2,78.95
KEYFINSERV,73.25,74.8,70.25,72,71.65
KHADIM,257,258.9,250.1,253.05,252
KHAICHEM,64,65.7,61.65,65.7,65.7
KHAITANLTD,21.7,21.7,21.7,21.7,21.7
KHANDSE,16.75,18.05,16.75,17.75,17.75
KHFM,30,30,30,30,30
KICL,2000.4,2029.9,1990.05,2002.95,2010
KILITCH,161.55,170.4,161.5,165.8,165.15
KIMS,1275,1290,1261.1,1277,1281
KINGFA,1063,1115.9,1054.7,1091.45,1090
KIOCL,255.9,255.9,242,252.7,255
KIRIINDUS,478.1,516,478,508.5,505
KIRLFER,235,238,225.05,232.65,231.25
KIRLOSBROS,391.5,391.5,361,374.25,375
KIRLOSENG,209,211.45,206.25,207.85,208.2
KIRLOSIND,1414,1416,1390.05,1398.25,1399.9
KITEX,147,157.5,146.25,153.1,153.4
KKCL,830,830,803.1,813,803.1
KMSUGAR,27.15,27.15,26.1,26.25,26.4
KNRCON,308.9,323.6,302,318.45,319.2
KOKUYOCMLN,64.05,69.8,63.75,68.4,69.25
KOLTEPATIL,234.2,245.9,234.2,242.5,240.3
KOPRAN,206.9,208,199.5,206.6,206
KOTAKBANK,1695,1723.8,1695,1713.55,1713
KOTAKBKETF,359.09,362.7,357.95,361.84,360.85
KOTAKGOLD,41.43,41.43,41.05,41.17,41.19
KOTAKIT,34.48,34.48,34,34.35,34.4
KOTAKNIFTY,176.98,176.98,174.48,175.94,176.05
KOTAKNV20,93.9,93.9,92.41,93.43,93.5
KOTAKPSUBK,221.3,225.89,219.1,222.75,222.76
KOTARISUG,35,35.1,33.1,33.8,33.65
KOTHARIPET,48.15,51.45,48.15,50.95,51
KOTHARIPRO,98.75,100,95.05,99.95,100
KOVAI,1702.25,1712,1662,1672.4,1665.15
KPIGLOBAL,133.45,133.9,128,128.85,129.5
KPITTECH,318.6,338.4,316.1,335.15,336
KPRMILL,1750,1754,1712.45,1717.25,1715
KRBL,240.95,241.9,235.1,237.25,239.45
KREBSBIO,141,150,141,148.55,149.5
KRIDHANINF,4.5,4.7,4.35,4.65,4.7
KRISHANA,140.8,147,138.05,146.95,147
KRITIKA,32.9,32.9,32.9,32.9,32.9
KRSNAA,906,919.25,898,914.75,908.5
KSB,1180,1187.55,1160,1179.25,1168
KSCL,593,596.8,579,581.45,579.6
KSL,387.95,394,385.2,387.3,387
KSOLVES,629.8,634.6,590.25,612.2,613.75
KTKBANK,52.3,62.55,51.85,60.85,62.55
KUANTUM,78.05,93.4,77.3,82.05,81.9
L&TFH,81.3,81.9,80.6,81.45,81.15
L&TFINANCE,1060,1060,1060,1060,1060
L&TFINANCE,1049.25,1049.25,1049.25,1049.25,1049.25
L&TFINANCE,1239,1239,1238.76,1238.76,1238.76
L&TFINANCE,1225.8,1225.8,1225.8,1225.8,1225.8
L&TFINANCE,1065,1065,1030.01,1030.09,1030.09
L&TFINANCE,1122.3,1123.01,1122,1122.57,1122
L&TFINANCE,1065,1068,1065,1068,1068
L&TFINANCE,1155,1155,1150.25,1151,1151
L&TFINANCE,1049.9,1049.9,1049.9,1049.9,1049.9
L&TFINANCE,1121.95,1126,1121.95,1125.03,1126
LAGNAM,38.9,39,38.9,39,39
LAKPRE,4.7,4.7,4.3,4.3,4.3
LALPATHLAB,3810,3854.9,3801.2,3825.2,3822
LAMBODHARA,79.1,82.8,78.3,80.1,79.5
LAOPALA,270.55,286,270,276.5,276
LASA,80.1,81.05,78.15,79,78.5
LAURUSLABS,666.25,669.65,656.05,658.6,658.9
LAXMICOT,21.15,23.2,21,22.15,23.2
LAXMIMACH,7900,7999,7804.9,7853.75,7850
LCCINFOTEC,2,2.1,2,2.1,2.1
LEMONTREE,38.8,38.9,38.2,38.35,38.45
LEXUS,10.85,10.85,10.85,10.85,10.85
LFIC,78.4,80.5,78.35,79.8,79.8
LGBBROSLTD,414,418.95,407.5,409.15,409.85
LGBFORGE,6.35,6.35,6,6.25,6.35
LGHL,15.05,15.05,15.05,15.05,15.05
LIBAS,64,64.9,63.7,64.8,64.85
LIBERTSHOE,157.75,162.7,156.45,160.05,159.9
LICHSGFIN,389.5,391.8,385.1,387.75,387.4
LICNETFGSC,22,22.15,21.95,22.07,22.12
LICNETFN50,176,177.9,175,176.76,177.49
LICNETFSEN,600.99,600.99,592.9,598.82,599.99
LICNFNHGP,161,164.88,161,164.59,164.88
LIKHITHA,359.95,374.9,353.95,367.3,366.5
LINCOLN,323.1,328.9,318.15,320.15,319.25
LINCPEN,190,197.85,190,193.45,192.65
LINDEINDIA,2351,2448,2310,2385.95,2379
LIQUIDBEES,1003.18,1003.18,997.16,1000,1000.01
LIQUIDETF,999.99,1000.01,999.99,999.99,1000
LODHA,871.95,906.95,871.95,891.3,895
LOKESHMACH,48.5,49.75,46.15,49.55,49.5
LOTUSEYE,43.75,43.75,41.15,42.95,42.95
LOVABLE,107.5,109.8,105.05,105.4,105.05
LPDC,4.4,4.65,4.25,4.4,4.5
LSIL,3.05,3.05,3,3.05,3.05
LT,1604,1666.7,1598.05,1638.1,1639
LTI,5147.8,5250,5100,5233.6,5242
LTTS,3878,3988,3831.65,3974.2,3977.1
LUMAXIND,1419.95,1455.2,1413.05,1430.8,1434
LUMAXTECH,142,144,138,139.05,139.05
LUPIN,937.45,947.5,932.6,940.1,938.55
LUXIND,3900,3999.65,3870,3892.75,3888
LXCHEM,385.4,420.55,385,420.55,420.55
LYKALABS,76.8,77.8,74.25,76.55,76.8
LYPSAGEMS,4.3,4.35,4.15,4.35,4.35
M&M,779.9,785,765,775.15,775.4
M&MFIN,155.1,156.25,153,155.55,155.15
M&MFIN,1095,1097,1095,1097,1097
M14RG,13.26,13.73,13.25,13.72,13.73
M15RD,12.15,12.99,12.15,12.99,12.99
M15RG,12.15,12.99,12.15,12.99,12.99
M17RG,11.45,11.9,11.41,11.9,11.9
MAANALU,144.8,146.2,138,143.65,145
MACPOWER,174,184.35,174,182.15,180
MADHAV,58.45,58.8,55.8,56.75,55.8
MADHUCON,4.65,4.95,4.65,4.95,4.95
MADRASFERT,28.3,29,28.1,28.4,28.4
MAESGETF,28.48,28.67,28.34,28.64,28.55
MAFANG,53.5,53.5,52.6,53.03,53.07
MAFSETF,17.48,17.54,17.32,17.5,17.46
MAGADSUGAR,277,281.95,271.35,274.05,271.6
MAGNUM,9,9,8.2,8.25,8.2
MAHABANK,18.15,18.15,17.75,18.05,18.1
MAHAPEXLTD,96.95,104.5,96,99.95,99.95
MAHASTEEL,90.1,91.6,89,89.5,89.4
MAHEPC,132.8,136.65,131.3,134.7,134.3
MAHESHWARI,110.95,112.5,108.5,111,110.5
MAHICKRA,80.05,80.9,79.25,80.9,80.9
MAHINDCIE,235,235,222.25,226.1,226.1
MAHLIFE,764,767.1,755.6,762.9,761
MAHLOG,738.6,774,736.75,766.1,770.5
MAHSCOOTER,4317.25,4373.95,4285.75,4352.2,4358
MAHSEAMLES,316.7,316.95,313.2,314.3,314.5
MAITHANALL,937,960.25,931.05,934.75,935.95
MAJESCO,82.5,82.9,80,80.85,80.55
MALUPAPER,35.5,35.95,35.1,35.3,35.65
MAN50ETF,174.25,174.25,170.86,172,172.01
MANAKALUCO,16.6,16.6,15.9,16.45,16.55
MANAKCOAT,12.45,12.45,11.85,11.9,11.9
MANAKSIA,66.95,68,65.95,67,67.5
MANAKSTEEL,38.85,38.85,35.15,37.1,37
MANALIPETC,90,90,86.8,89.15,89
MANAPPURAM,162.2,163.2,159.8,160.35,160.15
MANGALAM,139.2,141.3,136,138.05,136
MANGCHEFER,71.2,74,71,73.1,73.1
MANGLMCEM,442.8,451.3,441.3,445.2,445
MANINDS,114,116.45,111.85,112.8,112.5
MANINFRA,68.05,68.05,65.7,65.85,65.8
MANUGRAPH,13.9,14.1,13.25,13.3,13.25
MANXT50,399.76,403.62,399.5,402.21,402.24
MARALOVER,72.75,76,72.7,75.8,75
MARATHON,79.5,82.7,77.85,78.75,78.5
MARICO,524.8,527.85,520.5,524.95,525.5
MARINE,41,43.95,38.15,42.95,42.55
MARKSANS,72.25,73.45,70.5,72.75,72.6
MARSHALL,32.25,33.5,30,33.5,33.5
MARUTI,6629.75,6694.6,6600,6624.85,6628.4
MASFIN,746,779.3,743.05,762.3,775.9
MASKINVEST,32.55,32.55,32,32,32
MASTEK,2588,2640,2552.4,2602,2594.75
MATRIMONY,1039,1052,977.9,994.75,994
MAWANASUG,82.4,83.75,79.05,81.45,81
MAXHEALTH,335,339.4,332.95,335.1,334.95
MAXIND,68.4,68.5,67.75,68.2,68.2
MAXVIL,92,98.6,90.65,95.9,95.8
MAYURUNIQ,469.5,471.75,465,468.15,467
MAZDA,598.4,621.55,591.55,615.5,615
MAZDOCK,233.55,233.55,230.55,232.2,232
MBAPL,135.55,144.9,135.55,143.6,144.9
MBECL,6.25,6.25,5.8,6.1,6.15
MBLINFRA,18.35,18.8,17.3,17.85,17.5
MCDHOLDING,39.4,40,38.85,39.05,39
MCDOWELL-N,685,704.9,681.35,700.45,700.3
MCL,36.9,37.2,36,36.25,36.05
MCLEODRUSS,21.2,21.2,21.2,21.2,21.2
MCX,1508,1525,1485.5,1491.25,1490
MEGASOFT,15.95,15.95,15.15,15.7,15.5
MELSTAR,2.5,2.5,2.3,2.35,2.35
MENONBE,71,82.45,71,77.2,76.2
MEP,20.5,21.6,20.4,20.8,20.6
MERCATOR,1.85,1.85,1.75,1.75,1.75
METALFORGE,5.3,5.65,5.3,5.45,5.65
METROPOLIS,2687.85,2749,2687,2726,2711
MFL,544.5,544.5,507,544.5,544.5
MFSL,1025,1036.1,1009,1019.8,1014.15
MGEL,49.9,51.9,49.5,50.2,51
MGL,1116,1135,1110.1,1131.9,1133.95
MHRIL,311,311,305.3,308.8,309.4
MIDHANI,183,184,181,181.45,181.3
MINDACORP,121.4,121.4,117.7,119.05,119.65
MINDAIND,720.8,726.95,706.8,712.1,712.95
MINDSPACE,289.8,293,289,291.37,289
MINDTECK,100,101.95,93.6,101,100
MINDTREE,3488,3678.95,3481.5,3643.05,3638
MIRCELECTR,16.7,17.05,16.1,16.55,16.7
MIRZAINT,54.45,56.25,54.45,55.05,55
MITCON,49.85,49.85,49.85,49.85,49.85
MITTAL,10.5,10.5,10.1,10.2,10.25
MMFL,725.25,757,718.25,748.5,746.2
MMP,146,151.05,145.65,147.4,147.85
MMTC,43.2,46.4,43,44.85,44.65
MODIRUBBER,63.5,63.5,61.55,62.1,62.1
MODISNME,72,74.75,71.5,73.5,73.7
MOGSEC,48.6,48.61,48.57,48.61,48.61
MOHITIND,12.35,12.45,11.45,12.45,12.45
MOHOTAIND,7.9,8.25,7.85,8,8
MOIL,161.8,163.8,161,162.25,162
MOKSH,32,33,31.6,32.85,32.9
MOL,103.65,111.6,101,111.45,111.6
MOLDTECH,75.95,76.15,72.6,73.6,73.2
MOLDTEKPP,404,404,373.1,378.4,385
MOLDTKPAC,481,490.9,477.95,481.6,482.85
MOLDTKPAC,368.95,368.95,330,330,330
MOM100,28.89,29.1,28.69,28.93,28.82
MOM50,165,166.28,164.95,166.2,165.5
MON100,113.38,113.5,112.1,112.61,112.74
MONTECARLO,349.85,355,344.1,346.05,345
MORARJEE,14.85,15.7,14.75,15.5,15.7
MOREPENLAB,52.05,52.65,51.2,52.15,52.15
MOTHERSUMI,213,215.9,211.65,214.25,213.75
MOTILALOFS,802,806.55,782,787.25,784.05
MOTOGENFIN,25.85,25.85,24.25,25.15,25.15
MPHASIS,2760,2910,2740.25,2894.8,2887.3
MPSLTD,746.55,759.45,733,736.2,741
MPTODAY,26,26.05,26,26.05,26.05
MRF,76650,77332.65,76564.55,76953.45,76880
MRPL,42.45,42.75,42.1,42.25,42.5
MSPL,9.4,9.45,9.15,9.35,9.35
MSTCLTD,256.1,263.45,255.45,257.6,257
MTARTECH,1265,1287,1242.3,1269.25,1270
MTEDUCARE,8.4,8.4,7.8,8.05,8.1
MTNL,18,18.2,17.75,17.95,17.9
MUKANDLTD,146,146,141.1,144.15,143.1
MUKANDLTD,5.55,5.6,5.55,5.6,5.6
MUKTAARTS,36.95,37.85,35.6,36.15,36.5
MUNJALAU,57.5,60.4,57.15,59.15,59.05
MUNJALSHOW,135.15,138.4,134.15,136.75,136.2
MURUDCERA,25.2,25.8,24.65,24.95,24.9
MUTHOOTCAP,392,398.9,391.35,393.2,392
MUTHOOTFIN,1486,1497.6,1480,1491.7,1490.35
NABARD,1245,1245,1243.6,1243.6,1243.6
NACLIND,65.1,65.1,62.05,65.1,65.1
NAGAFERT,12.65,12.85,12.6,12.85,12.85
NAGREEKCAP,7.55,7.9,7.55,7.9,7.9
NAGREEKEXP,33.55,36.9,33.55,36.8,36.9
NAHARCAP,275,282,271.05,276.2,276.6
NAHARINDUS,116.85,116.85,109,112,112
NAHARPOLY,238.85,241.15,230,235.15,234.55
NAHARSPING,398,398,373.5,390.6,392.75
NAM-INDIA,405.05,412.95,403.1,410.1,410.75
NARMADA,13.5,13.5,13.5,13.5,13.5
NATCOPHARM,935,948.6,926,938.1,940
NATHBIOGEN,318.05,321.2,312.35,317.05,317.45
NATIONALUM,80.05,85.4,80.05,85,84.55
NATNLSTEEL,3.75,4,3.75,3.9,3.95
NAUKRI,5796.6,5981.95,5755,5895.65,5879
NAVINFLUOR,3598.55,3887.9,3551,3830.05,3879.95
NAVKARCORP,41.3,42.6,41.2,42.15,42.2
NAVNETEDUL,99.9,103.25,99.1,100.95,100.5
NAZARA,1708.7,1752.4,1674,1712.95,1715
NBCC,44.1,44.9,43.55,44.15,44.1
NBIFIN,2949,2950,2790,2837.05,2802
NBVENTURES,103.5,105.55,102.8,104.05,104.5
NCC,76.25,78.7,75.55,76.45,76.7
NCLIND,228.9,237.15,228.9,234.05,232.5
NCPSESDL24,106.25,106.27,106.19,106.19,106.19
NDGL,1370,1450,1370,1420.2,1425
NDL,79.95,82.2,79,81.5,81.5
NDRAUTO,370.2,400.05,370.2,399.4,400.05
NDTV,78.95,79.05,76,77.75,76.2
NECCLTD,18.55,18.55,18.15,18.25,18.25
NECLIFE,32.05,32.35,31.2,31.7,31.55
NELCAST,82.55,82.55,79.5,80.95,81.3
NELCO,478.95,483.25,461.6,465.25,465.95
NEOGEN,920,929.75,920,925.2,925.35
NESCO,575.2,579.65,567.25,569.75,569.9
NESTLEIND,20100,20100,19896,19957.35,19967
NETF,198,205.89,198,205.89,205.89
NETFCONSUM,71.85,78,71,72.88,75.9
NETFDIVOPP,43.15,43.6,42.97,43.29,43.5
NETFGILT5Y,48.6,48.6,48.6,48.6,48.6
NETFIT,35.7,35.7,34.34,34.88,34.9
NETFLTGILT,22.48,22.5,22.42,22.47,22.47
NETFMID150,105,107,104,105.98,106.2
NETFNIF100,172.5,174.99,172,174.84,174.84
NETFNV20,94.16,94.94,93.8,94.77,94.7
NETFPHARMA,13.9,14,13.8,13.97,13.94
NETFSDL26,105,105.45,105,105.44,105.45
NETWORK18,48.85,49.4,48.15,49,49
NEULANDLAB,1713.75,1713.75,1603.5,1673.55,1675.5
NEWGEN,577,580,562.75,569.05,570
NEXTMEDIA,5.45,5.45,5,5.2,5.2
NFL,51.95,54.6,51.8,53.95,54.05
NGIL,70.8,70.8,63.6,64.5,64.45
NH,500,515.1,495.55,511.75,515
NHAI,1090.01,1090.01,1088.56,1089.99,1090
NHAI,1261,1264,1260.15,1260.15,1260.15
NHAI,1171,1171,1171,1171,1171
NHAI,1294.99,1294.99,1279.99,1294.95,1294.95
NHAI,1280.6,1292,1280.6,1292,1292
NHAI,1131,1131,1131,1131,1131
NHAI,1242.01,1242.01,1242.01,1242.01,1242.01
NHAI,1156.11,1156.21,1156.11,1156.11,1156.11
NHAI,1291,1291,1291,1291,1291
NHAI,1277.89,1277.89,1275.5,1275.5,1275.5
NHBTF2014,7165,7200,7165,7199.51,7200
NHBTF2023,6527,6527,6525,6525,6525
NHBTF2023,7150,7150,7150,7150,7150
NHPC,26.4,26.6,26.3,26.5,26.55
NHPC,1105,1125,1105,1111.17,1111
NHPC,1124.99,1125,1124.99,1125,1125
NHPC,1259,1265.01,1259,1265.01,1265.01
NHPC,1419.39,1419.39,1419.39,1419.39,1419.39
NIACL,170,171.8,166.15,169.2,168.2
NIBL,20,20.45,19.1,19.7,19.65
NIFTYBEES,184.83,184.83,168.7,180.24,180.31
NIITLTD,307.9,319.5,306.3,311.2,310.5
NILAINFRA,6,6.25,5.8,6.1,6.15
NILASPACES,2,2.05,1.9,1.9,1.95
NILKAMAL,2744.9,2780.2,2702.25,2757.55,2757.9
NIPPOBATRY,968,975,952.05,964.65,970
NIRAJ,44.2,46.4,43.45,43.9,44.1
NITCO,21.35,21.6,20.85,21.05,21
NITINFIRE,1.4,1.4,1.3,1.35,1.4
NITINSPIN,200.15,207.9,196.1,203.2,207
NITIRAJ,45,49.4,44.95,46.55,47.8
NKIND,39.3,41.05,39.3,40.75,40.75
NLCINDIA,50.35,52.7,50.25,52,52.2
NMDC,150.5,155,150.25,152.2,152.6
NOCIL,259,279.4,258.2,277.55,277
NOIDATOLL,5.45,5.5,5.35,5.45,5.5
NORBTEAEXP,5.95,6.9,5.95,6.8,6.8
NOVARTIND,799,808.55,783,787.05,787
NPBET,186,186,180.42,184.02,184.3
NPST,72,72,70.75,70.9,70.9
NRAIL,318.2,320,309,312.05,310
NRBBEARING,127.4,134.25,125.65,128.8,127.5
NSIL,1695,1700,1656,1682.7,1681
NTL,2.25,2.45,2.25,2.35,2.3
NTPC,112.7,114.1,112.1,113.4,113.25
NTPC,1151,1151.65,1150,1151.65,1151.65
NTPC,1426,1430,1415,1429.75,1429.8
NTPC,13.8,13.89,13.78,13.83,13.83
NTPC,1329,1595,1329,1589.99,1589.99
NUCLEUS,560,560.55,546.9,548.85,548.5
NURECA,1597.6,1666.7,1579.25,1666.7,1666.7
NUVOCO,525,538,520.2,535.9,532
NXTDIGITAL,421,441.95,415,435.4,438
OAL,835.95,835.95,795.05,814.15,816
OBEROIRLTY,660,684.2,657.5,678.3,677
OCCL,1059.9,1067.95,1042.35,1052.05,1051
OFSS,4750.5,4824.35,4714,4763.55,4775
OIL,178.55,182.5,175.05,176.55,176.45
OILCOUNTUB,6.65,7.05,6.55,6.75,6.75
OLECTRA,304.9,305,297,297.95,300
OMAXAUTO,48.55,50.2,48.55,50.2,50.2
OMAXE,74.6,76.8,74.5,75.8,76
OMINFRAL,28.85,29.8,28.65,29.35,29.3
OMKARCHEM,16.05,16.05,15.65,16.05,16.05
ONELIFECAP,22.35,22.35,22.35,22.35,22.35
ONEPOINT,35.3,37.8,34.3,34.85,35.45
ONGC,115.5,117,114.95,116.65,116.6
ONMOBILE,114.3,119.55,113.1,114.75,114.2
ONWARDTEC,230,235.15,222,225.45,223.25
OPTIEMUS,170.5,170.5,170.5,170.5,170.5
OPTOCIRCUI,3.95,3.95,3.95,3.95,3.95
ORBTEXP,74.2,74.75,71.35,73.1,73.35
ORCHPHARMA,421.6,429,405,415.6,421
ORICONENT,33.5,33.7,32.5,32.9,32.75
ORIENTABRA,28,28.6,27.1,27.7,27.7
ORIENTALTL,9.35,9.35,8.8,8.85,8.85
ORIENTBELL,320.85,349,316.1,336.25,336
ORIENTCEM,149.1,157,149,152.9,152
ORIENTELEC,322.15,325.85,318.7,323.7,323.5
ORIENTHOT,35.35,35.7,34.75,35.05,35.25
ORIENTLTD,67.75,67.75,65,66.35,67
ORIENTPPR,27.6,27.9,27.5,27.7,27.8
ORISSAMINE,2750,2806.1,2707.3,2727.3,2755
ORTEL,1.2,1.2,1.2,1.2,1.2
ORTINLAB,28.5,28.6,27.7,28.35,28.25
OSWALAGRO,14.85,15.35,14.85,15,15.05
PAEL,5.9,5.9,5.9,5.9,5.9
PAGEIND,30471.75,30979.95,30265.55,30859.05,30852.05
PAISALO,581,629,569.15,605.8,610
PALASHSECU,73.35,76.65,68.55,70.45,70
PALREDTEC,106.25,109.45,103.7,108.5,105.65
PANACEABIO,307.1,308.05,291.1,293.85,294.9
PANACHE,57.4,60,56.8,58.6,59.5
PANAMAPET,255,271.9,252.25,269.4,270.55
PAR,108,108.25,108,108.25,108.25
PARACABLES,12.25,12.4,11.95,12.2,12.2
PARAGMILK,118,119.7,117.55,118.6,118.5
PARSVNATH,11.7,12.7,11.6,12.65,12.7
PATELENG,15.75,16.45,15.5,15.8,15.8
PATINTLOG,21.75,21.75,21,21.3,21.6
PATSPINLTD,9.1,9.1,8.45,9.05,9.1
PBAINFRA,11.6,11.6,11,11.6,11.6
PCHFL,1004.13,1013,1004.13,1011.32,1013
PCHFL,1005,1005,1005,1005,1005
PCHFL,1045,1045,1006.01,1015,1015
PCHFL,1021.51,1021.51,1021.51,1021.51,1021.51
PCJEWELLER,22.85,23.35,22.8,23.1,23.15
PDMJEPAPER,41.2,41.2,40.4,40.75,40.9
PDSMFL,1274,1293.65,1246.05,1270.2,1270
PEARLPOLY,16.8,16.8,16.05,16.4,16.35
PEL,2562.05,2600,2558.25,2571.1,2569
PENIND,30,31.25,29.7,30.95,30.85
PENINLAND,12.15,12.15,12.15,12.15,12.15
PERSISTENT,3214.35,3265,3192.45,3253.5,3250.1
PETRONET,227.6,229.3,225.4,227.85,227.5
PFC,124.75,126.8,124.75,126.3,126.1
PFC,1085.8,1086,1085.75,1086,1086
PFC,1247,1247,1237.51,1245,1245
PFC,1159.99,1159.99,1159.99,1159.99,1159.99
PFC,1442.01,1444.01,1442.01,1444.01,1444.01
PFIZER,5694,5733.3,5618,5692.65,5694
PFOCUS,72,72,67.65,68.2,67.65
PFS,17.65,17.95,17.45,17.85,17.9
PGEL,366.8,370.1,344.3,352.6,355.9
PGHH,13490,13875.6,13201.05,13737.2,13708
PGHL,5580,5600,5500,5542.45,5548.4
PGIL,319.5,319.5,301.75,305.8,305.95
PGINVIT,122.98,122.98,121.5,121.98,122
PHILIPCARB,242.2,244.6,236.45,239.65,239.95
PHOENIXLTD,854,867.85,845,855.05,847.1
PIDILITIND,2225,2242.7,2213.05,2225.2,2224
PIGL,62.7,64.2,62.7,62.7,62.7
PIIND,3120,3212.7,3107.05,3193.3,3188.6
PILANIINVS,1799.9,1818.8,1785.05,1804.25,1812
PILITA,7,7,6.65,6.75,6.75
PIONDIST,137.95,141.15,135.35,139.55,140
PIONEEREMB,66,69.45,64.2,67.9,66.75
PITTIENG,146.9,147.95,144.2,146.55,145.9
PKTEA,320.1,334,320.1,325.1,325.1
PLASTIBLEN,265.2,269,261.25,264.25,263.5
PNB,35.8,36.25,35.7,36.15,36.1
PNBGILTS,65.9,67.7,65.65,67.15,67.2
PNBHOUSING,674,675,640,650.8,652
PNC,34.95,36,32.55,34.35,34.2
PNCINFRA,302.3,308,302.3,304.45,303.3
PODDARHOUS,169,174.7,169,172.35,172
PODDARMENT,340.1,352,338.05,349.95,347.5
POKARNA,474.5,503,470.2,497.25,492
POLYCAB,1856,1910.1,1850.05,1894.55,1892.15
POLYMED,933.1,936,926.3,929.1,930
POLYPLEX,1484,1503.95,1476,1479.8,1476.25
PONNIERODE,235.05,247,231,234.1,234
POONAWALLA,181.5,181.5,175.15,178.2,177
POWERGRID,173.8,174.85,171.75,174.35,174.3
POWERINDIA,2199.95,2277,2067.15,2224.8,2213
POWERMECH,839,839,818.35,826.95,820
PPAP,250,254,241.2,251.75,248
PPL,158.85,164.6,158.65,162.25,163.45
PRAENG,19.2,19.6,18.45,18.8,18.85
PRAJIND,338.9,338.9,323,330.8,332
PRAKASH,65.3,66.8,65.3,65.6,65.65
PRAKASHSTL,2.1,2.1,1.9,2.05,2.05
PRAXIS,43.6,44.4,42.3,42.7,43.35
PRECAM,86.95,89.9,84.7,88.65,87.9
PRECOT,230.65,242,230,236.1,235.6
PRECWIRE,242.5,242.5,230.5,235.25,235.5
PREMEXPLN,226.25,237,226,230.9,233
PREMIER,4.3,4.3,4.3,4.3,4.3
PREMIERPOL,80,80,75,75.35,75
PRESSMN,28,29.6,27.5,29.1,28.9
PRESTIGE,348.2,357.95,348.2,351.7,351.5
PRICOLLTD,84,85,82.9,83.6,83.45
PRIMESECU,88.1,94.2,85.45,91.45,89.4
PRINCEPIPE,604.1,678.8,602.45,663.55,659
PRITI,190,190,184.1,184.3,184.1
PRITIKAUTO,17.3,17.7,16.8,17.1,17.3
PRIVISCL,1605.25,1860,1599.8,1731.35,1768
PROINDIA,31.65,31.65,31.65,31.65,31.65
PROZONINTU,30.3,30.3,27.9,28.6,28.75
PRSMJOHNSN,125,126.7,125,125.4,125.2
PSB,16.85,16.85,16.4,16.5,16.65
PSPPROJECT,421.4,424.2,415,417.35,416.4
PSUBNKBEES,24.99,24.99,24.44,24.83,24.85
PTC,95.9,98.5,95.5,97.9,97.9
PTL,47.55,47.8,46.15,46.6,47
PUNJABCHEM,1596.5,1652,1596,1626.8,1630.5
PUNJLLOYD,1.75,1.75,1.7,1.7,1.75
PURVA,93.6,96.6,91.4,93.95,93.8
PVP,5,5.25,4.9,5.05,5
PVR,1310.05,1336,1280.7,1324.35,1321.05
QGOLDHALF,2036.1,2052,2035,2035.95,2035
QNIFTY,1731,1739,1731,1739,1739
QUESS,839,845,826.1,839.3,833
QUICKHEAL,220,223.45,216.5,219.85,219.9
RADAAN,1.55,1.55,1.5,1.55,1.55
RADICO,885,885,860,865.4,862.25
RADIOCITY,23.1,23.15,22.7,22.9,23
RAILTEL,124.1,125.6,124.1,124.85,125.15
RAIN,211.5,214.8,209.55,210.9,210.3
RAJESHEXPO,592.5,592.55,588.5,589.45,590.65
RAJMET,186,189.1,183,186.95,187
RAJRATAN,1885,1977.9,1811,1973.15,1977.9
RAJRAYON,0.3,0.35,0.25,0.3,0.3
RAJSREESUG,26.75,26.75,25.45,25.75,25.45
RAJTV,37.65,37.65,35.3,35.95,36
RALLIS,288,288.5,278.55,279.4,279.35
RAMANEWS,19.55,19.75,18.5,18.9,18.95
RAMASTEEL,237,237.2,225,229.15,230.95
RAMCOCEM,971.95,990.2,958.5,986.65,985
RAMCOIND,286,296.75,286,291.25,290.75
RAMCOSYS,446,456.95,446,451.45,452
RAMKY,171,171,161.6,163.7,165
RANASUG,27.25,27.5,26.7,27.15,27
RANEENGINE,273,280,272,277.2,277.75
RANEHOLDIN,644.85,647.9,633.55,638.2,639.5
RATNAMANI,2075.9,2210,2066.2,2169.85,2137
RAYMOND,395.9,398.65,391.25,393.95,394.3
RBL,897.45,908,884.2,895.25,897
RBLBANK,162.95,163.85,161.4,162.75,163
RCF,71.3,73.2,71.1,72.35,72.25
RCOM,2.85,2.85,2.7,2.85,2.85
RECLTD,145,147.1,144.25,146.3,146.25
RECLTD,1195.35,1195.35,1195.35,1195.35,1195.35
RECLTD,1291.1,1291.1,1291,1291,1291
RECLTD,1405,1405,1405,1405,1405
RECLTD,1159.36,1159.36,1159.36,1159.36,1159.36
RECLTD,1184,1185,1184,1185,1185
REDINGTON,149.95,157.15,149.4,152.65,152.95
REFEX,158.9,162.7,151.35,153.95,151.75
RELAXO,1167.3,1169.8,1151.3,1159.85,1159.9
RELCAPITAL,15.25,15.4,14.6,14.8,14.8
RELIANCE,2237,2242.75,2216.05,2227.4,2225
RELIANCEP1,1596.1,1600,1575.45,1587.1,1584
RELIGARE,147.1,150.1,146.4,148.85,148
RELINFRA,68.65,68.85,64.55,65.8,65.75
REMSONSIND,205,208.5,202,205.9,205
RENUKA,27.35,27.35,25.5,26.5,26.45
REPCOHOME,293,294.75,289,291.45,291
REPL,219.65,223.35,215.1,216.2,216
REPRO,439,449.95,430,432.35,434.95
RESPONIND,126.9,126.9,122.9,125.85,126.5
REVATHI,565,576.15,551,557.9,557
REXPIPES,26.55,26.95,26.3,26.65,26.65
RGL,719,734,715,716.55,716
RHFL,3.65,3.65,3.65,3.65,3.65
RHFL,228.91,228.91,227.94,227.94,227.94
RHFL,238,238,237.8,237.8,237.8
RHFL,191.99,191.99,191.99,191.99,191.99
RHIM,361,369.75,355.1,367.95,367.5
RICOAUTO,50.2,51.5,49.85,50.7,50.6
RIIL,615,626.9,611.15,615.8,614.95
RITES,258.75,268,258.2,264.9,267.3
RKDL,12.9,12.9,12,12.35,12.65
RKEC,80.4,80.4,76,76.8,77.1
RKFORGE,934,938.9,920,933,927
RMCL,2,2,1.9,1.95,1.95
RMDRIP,18.3,18.3,18.05,18.05,18.05
RML,384.25,387.5,377.6,379.9,380.5
RNAVAL,2.9,3,2.8,2.9,2.9
ROHLTD,75.9,75.9,72,72.75,73
ROLEXRINGS,1096,1112.5,1089.25,1094.95,1095
ROLLT,2.4,2.45,2.3,2.4,2.4
ROLTA,5.8,5.85,5.65,5.85,5.85
ROML,75,81.15,75,79.75,79
ROSSARI,1325,1338.95,1300,1326.45,1329
ROSSELLIND,155,157.7,154,155.5,155.8
ROUTE,1916,1917.95,1880,1888.55,1887
RPGLIFE,494.9,506.4,491.1,501.45,500
RPOWER,11.4,11.4,10.7,11.2,11.2
RPPINFRA,73.1,73.75,72.9,73.4,73.3
RPPL,165,167.4,165,167.4,167.4
RPSGVENT,645.6,701,632.55,693.3,694.7
RSSOFTWARE,36.65,37.3,35.55,35.75,35.95
RSWM,306.45,316.35,305.05,310.3,312
RSYSTEMS,197,208,196.1,206.85,206.7
RTNINDIA,45.6,47.95,43.5,47.95,47.95
RTNPOWER,4.95,4.95,4.7,4.8,4.75
RUBYMILLS,268,278.35,265.5,275.2,276
RUCHI,1092,1100.95,1083,1086.9,1088
RUCHINFRA,7.5,7.7,7.3,7.45,7.6
RUCHIRA,78,80,77.7,79.2,78.9
RUPA,430,431.95,421.55,429.95,430.55
RUSHIL,257.85,257.9,251.1,254.75,256.9
RVHL,22.15,23.3,22,22.6,22.85
RVNL,27.95,28.25,27.8,28.05,28.05
S&SPOWER,33.95,33.95,31,33.95,33.95
SABEVENTS,3.4,3.45,3.15,3.4,3.3
SADBHAV,48.4,49.8,47.5,48.25,48.6
SADBHIN,16.8,17.15,16.1,16.8,16.8
SAFARI,836.7,836.7,797.35,816.2,816
SAGARDEEP,48.2,48.2,48.2,48.2,48.2
SAGCEM,280,283,275.2,276.7,278
SAIL,116.5,119.25,116.5,118.25,118
SAKAR,168.8,170.9,165.1,167.9,169
SAKHTISUG,16,16.15,15.4,15.6,15.6
SAKSOFT,880,893.6,855.7,867.75,870
SAKUMA,10.2,10.4,9.6,9.95,9.95
SALASAR,286.9,306.5,273.25,301.45,298.5
SALONA,201.05,203.9,196.85,199.4,203.25
SALSTEEL,10.85,10.85,10.8,10.85,10.85
SALZERELEC,153.55,153.55,147.5,148.9,149.05
SAMBHAAV,2.85,2.95,2.75,2.9,2.95
SANCO,8.95,8.95,8.1,8.4,8.35
SANDESH,797.05,809,781,791.05,781
SANDHAR,259.85,261.35,256.2,259.05,258
SANGAMIND,132.55,138,132.45,135.6,136.9
SANGHIIND,64.95,70,64.75,68.8,68.9
SANGHVIMOV,180.6,183.9,175.1,177.1,175.5
SANGINITA,25.65,27.5,24.75,26,26.25
SANOFI,8749.9,8850,8592.3,8794,8765
SANWARIA,0.7,0.7,0.65,0.65,0.7
SARDAEN,667,697.9,659,689.2,693.2
SAREGAMA,3200,3254.95,3150,3239.6,3245
SARLAPOLY,42.7,44,42.55,43.15,43.15
SARVESHWAR,19,19.8,19,19.8,19.8
SASKEN,1327,1338.15,1313.45,1315.75,1315
SASTASUNDR,280,290,267.05,286.45,289
SATIA,94.9,95.85,92.7,93.25,93.15
SATIN,80.45,82.8,77.3,80.6,82
SBCL,177.8,179.3,172.1,174.05,174.7
SBICARD,1104.2,1110,1083,1091,1086
SBIETFCON,65.95,66.34,65.42,66.03,66.33
SBIETFIT,346.2,349,342.6,348.87,348.85
SBIETFPB,183.5,185,182.71,184.62,184.63
SBIETFQLTY,146.01,149.9,146.01,147.94,147.96
SBILIFE,1154.8,1192.65,1145.3,1184.05,1184.1
SBIN,410.35,414.35,407.5,412.45,411.5
SCAPDVR,5.5,5.5,5.5,5.5,5.5
SCHAEFFLER,7135,7396.15,7049.95,7194.7,7196
SCHAND,111.55,115.5,110,112.85,111.05
SCHNEIDER,117,119.9,114.9,118.3,117.35
SCI,107.25,107.65,105.3,106.7,106
SDBL,39,40.25,38,39.6,39.5
SEAMECLTD,737.75,742,720,722.65,727
SECURKLOUD,114.95,136.3,113.6,132.25,129.3
SELAN,142,145.45,138,139.3,139.9
SEPOWER,7.9,8.15,7.7,7.95,8
SEQUENT,229.7,236.1,226.15,233.45,232
SERVOTECH,24.7,25.2,23.5,24.95,24.95
SESHAPAPER,173.75,176.9,171.4,171.8,172
SETCO,17.5,18.5,17.5,18.25,18.4
SETF10GILT,205.99,205.99,203.04,204.79,204.79
SETFGOLD,4208.45,4221,4190.95,4194.35,4191
SETFNIF50,169.7,170.64,169.03,170.46,170.64
SETFNIFBK,355.27,357.4,353.8,357.05,357.25
SETFNN50,415,419.9,411.21,419.02,419.8
SETUINFRA,1.25,1.25,1.25,1.25,1.25
SEYAIND,55.9,57.65,54,57.6,57.65
SFL,2290.3,2359.85,2285,2340.75,2350
SGBAPR28I,4694,4705,4685,4701.5,4705
SGBAUG24,4757,4759.99,4685,4697.42,4698
SGBAUG27,4670,4690,4670,4689.3,4686.5
SGBAUG28V,4750,4774.75,4621,4739.87,4740
SGBAUG29V,4705.6,4779,4700,4708.61,4700
SGBDC27VII,4782,4782,4782,4782,4782
SGBFEB24,4636,4745,4636,4699,4699
SGBFEB27,4655,4655,4655,4655,4655
SGBFEB28IX,4690,4690,4680,4687.57,4681
SGBFEB29XI,4692,4728.9,4675.1,4725,4725
SGBJ28VIII,4689,4689,4670,4670,4670
SGBJAN26,4737,4737,4737,4737,4737
SGBJAN27,4695,4695,4695,4695,4695
SGBJAN29IX,4710,4723.9,4706,4711,4711
SGBJAN29X,4759,4759,4680,4725,4725
SGBJU29III,4738,4800,4675,4745.2,4785
SGBJUL25,4742,4742,4651.05,4667.4,4662
SGBJUL27,4637,4724.8,4637,4700,4700
SGBJUL28IV,4680,4710,4670.1,4685.89,4675.23
SGBJUL29IV,4682,4720,4682,4716.81,4719
SGBJUN27,4685,4690,4685,4690,4690
SGBJUN28,4676.02,4699,4676.02,4683.69,4681
SGBJUN29II,4700,4725,4690,4700,4700
SGBMAR24,4710,4710,4710,4710,4710
SGBMAR25,4635,4715,4635,4700,4700
SGBMAR28X,4688,4688,4688,4688,4688
SGBMAY25,4662.1,4671,4662.1,4671,4671
SGBMAY26,4638,4773,4638,4773,4773
SGBMAY28,4677,4698,4677,4686.71,4690
SGBMAY29I,4701,4714,4701,4707.32,4710
SGBMR29XII,4692.45,4717,4690.1,4710,4710
SGBN28VIII,4755,4777.99,4710.55,4725,4725
SGBNOV23,4701.05,4745,4700,4700,4700
SGBNOV24,4670,4700,4670,4681.47,4680
SGBNOV258,4700,4700,4700,4700,4700
SGBNOV26,4673,4673,4673,4673,4673
SGBOC28VII,4726,4774.95,4725,4730,4730
SGBOCT25IV,4779,4799,4692,4724.5,4700
SGBOCT27,4699,4699,4699,4699,4699
SGBOCT27VI,4700,4700,4668,4672,4672
SGBSEP24,4667.1,4677,4667,4677,4677
SGBSEP27,4685,4685,4685,4685,4685
SGBSEP28VI,4772.86,4794,4760,4783.71,4794
SGIL,150.1,155.15,150.05,153.95,153
SGL,13.4,14.15,13.4,14.05,14
SHAKTIPUMP,719,734.65,713.45,719.45,720
SHALBY,188.15,189.9,187.6,188.9,189
SHALPAINTS,94.65,94.65,91.9,93.8,93.9
SHANKARA,545.95,556.65,538.85,547.45,546
SHANTIGEAR,170.1,193.7,168.3,188.5,185.9
SHARDACROP,309.8,322,307.35,313.35,313.15
SHARDAMOTR,635,659,618.1,649.95,643
SHAREINDIA,520,524,505.15,509,510
SHARIABEES,445,473.48,437.1,441.21,438.01
SHEMAROO,115,117.25,111.05,115.7,115.7
SHIL,364.45,374.9,348,369.6,369.65
SHILPAMED,574.15,582.75,565.4,572.95,571.4
SHIVAMAUTO,23.1,23.1,21.7,22.15,22.3
SHIVAMILLS,77,81.5,77,81.5,81.5
SHIVATEX,191,210,186,190.45,192
SHK,144,150.75,142.8,149.4,149.5
SHOPERSTOP,244.35,246.85,239,243.95,244
SHRADHA,45,53.5,45,53.5,53.5
SHREDIGCEM,80,80.85,79.4,80.05,79.8
SHREECEM,26605,27031.6,26450.75,26897.75,26870.15
SHREEPUSHK,170.15,170.8,167.2,170,170.5
SHREERAMA,12.5,12.65,11.8,11.9,12
SHRENIK,1.6,1.6,1.5,1.6,1.6
SHREYANIND,125.1,125.1,122.1,123.6,124
SHREYAS,289,291.25,276.1,291.25,291.25
SHRIPISTON,890,912,890,912,912
SHRIRAMCIT,2053.9,2091.9,2034,2057.9,2059
SHRIRAMEPC,4.65,4.65,4.4,4.5,4.55
SHUBHLAXMI,12,12,12,12,12
SHYAMCENT,12.3,12.5,11.8,12.35,12.45
SHYAMMETL,384.85,391.45,381.2,386.5,386
SICAL,10.9,11.35,10.3,11.05,11
SIEMENS,2212.7,2250,2210.4,2222.2,2223
SIGIND,46.05,47.65,46.05,46.7,46.75
SIGMA,224.5,224.5,224.5,224.5,224.5
SIL,14.85,15.25,14.4,15,15
SILGO,34.5,34.55,33.3,33.8,33.75
SILINV,282,288.8,277,279,279
SILLYMONKS,19,19.2,17.65,18.4,18.7
SILVERTUC,127,132,126,126.9,128
SIMBHALS,28.4,29.3,27.5,27.9,28.4
SIMPLEXINF,38.5,38.5,37.75,38.05,38.15
SINTERCOM,85.25,86,84,84.2,84.25
SINTEX,3.85,3.95,3.75,3.9,3.85
SIRCA,325,352,323.45,346.45,341.6
SIS,466,476.65,461.75,469.85,470
SITINET,1.5,1.5,1.45,1.5,1.5
SIYSIL,356.2,362,350.35,353.3,354.65
SJVN,26.05,26.15,26,26,26.05
SKFINDIA,2850,3050,2833.8,2977.05,2989.95
SKIL,4.05,4.05,4.05,4.05,4.05
SKIPPER,80.55,80.8,79.2,79.55,79.6
SKMEGGPROD,86,86.1,83.35,84.55,84.3
SKSTEXTILE,20,21,20,21,21
SMARTLINK,100,107.5,100,105.45,105.3
SMCGLOBAL,76.1,77.25,74.95,75.4,75.45
SMLISUZU,562,584.15,561.7,576,576.05
SMSLIFE,739.3,751,715.55,743.7,751
SMSPHARMA,167.3,170.9,167.3,169,170
SNOWMAN,42.45,43.3,41.85,42.6,42.55
SOBHA,587,609.15,581.25,600.1,603
SOLARA,1629.95,1684.5,1621,1630.45,1630
SOLARINDS,1690,1793.35,1690,1724.25,1713.05
SOLEX,55.5,55.5,51.75,54.7,54.7
SOMANYCERA,672,700,672,694.55,692
SOMATEX,7.5,7.6,7.5,7.6,7.6
SOMICONVEY,50.05,51.45,48.1,49.1,49.5
SONACOMS,471,478.9,467.2,474.2,475.2
SONAMCLOCK,60,60.25,60,60.25,60.25
SONATSOFTW,801.55,873,801.55,858.5,857.5
SORILINFRA,109,109,106.45,106.75,106.7
SOTL,1574.25,1613.8,1555,1584.6,1584.9
SOUTHBANK,10,10.4,9.7,10.15,10.35
SOUTHWEST,89.5,92.4,87.5,92.4,92.4
SPAL,302.9,304.75,289.9,292.45,294
SPANDANA,640.5,640.5,624.95,629.85,625
SPARC,288.7,293.7,285.15,287.6,286
SPECIALITY,66.5,69.95,66.5,68.9,68.75
SPENCERS,101.95,102.1,99,100.8,100.05
SPENTEX,1.35,1.35,1.35,1.35,1.35
SPIC,51.8,51.8,50,50.65,50.7
SPICEJET,73.4,73.9,72.05,73,73
SPLIL,51.8,53.3,51.8,52.35,52.7
SPMLINFRA,11.3,11.3,10.5,11.2,11.25
SPTL,4.1,4.15,4,4.05,4
SREEL,155.2,155.95,151.85,154.8,153.25
SREIBNPNCD,337,337,337,337,337
SREIBNPNCD,220,252,220,252,252
SREIBNPNCD,300,300,300,300,300
SREIBNPNCD,323,323,323,323,323
SREIBNPNCD,525.9,525.9,435,435,435
SREIBNPNCD,349,350,349,350,350
SREIBNPNCD,305,305,302,302,302
SREIBNPNCD,242.8,309.8,242.8,309.8,309.8
SREINFRA,8.55,8.55,8.2,8.35,8.4
SRF,9125,9450,9011,9423.55,9440
SRHHYPOLTD,297,300.15,290,296.55,298.7
SRIPIPES,212.3,214.6,208,212.1,211.15
SRPL,34,34.7,32.1,32.45,32.45
SRTRANSFIN,1269.95,1291,1257.65,1281.4,1279.9
SRTRANSFIN,1124.78,1124.78,1030,1041,1041
SRTRANSFIN,1333,1333,1333,1333,1333
SRTRANSFIN,1033.25,1033.25,1031,1031,1031
SRTRANSFIN,1078.1,1078.1,1078.1,1078.1,1078.1
SRTRANSFIN,1160,1165,1150,1165,1165
SRTRANSFIN,1287,1287,1287,1287,0
SRTRANSFIN,1052,1066.7,1052,1066.7,1066.7
SRTRANSFIN,1281,1285.25,1281,1285.25,1285.25
SRTRANSFIN,1030,1030,1021,1022.28,1025
SRTRANSFIN,1060,1060,1060,1060,1060
SRTRANSFIN,1009,1009,1009,1009,1009
SRTRANSFIN,1020,1020,1020,1020,1020
SRTRANSFIN,1045,1045,1045,1045,1045
SSINFRA,9.5,9.5,9.5,9.5,9.5
SSWL,1950,1958.4,1804,1873.85,1860
STAR,585.65,608.7,580.05,603.2,603.45
STARCEMENT,107.8,108.4,105.55,106.75,106.8
STARPAPER,145.7,147.55,145,146.35,146.05
STCINDIA,103,106.5,101.55,103.6,103.25
STEELCITY,65.45,65.45,62,62.55,62.85
STEELXIND,79,82.15,79,80.3,80.25
STEL,139.05,142.35,134.55,139.25,138
STERTOOLS,209.6,210.05,202.05,204.05,203.1
STLTECH,259.8,266,255.25,260.65,260.55
STOVEKRAFT,828,875,820,864.3,873.35
STYLAMIND,1080.7,1111.1,1074.6,1084.8,1090
SUBEXLTD,50.25,51.5,49.5,50.6,50.45
SUBROS,310.5,315,307.15,311.8,311.7
SUDARSCHEM,593,710.4,592,707.15,710.4
SUMEETINDS,7.7,7.85,7.55,7.65,7.75
SUMICHEM,398.95,410,397,400.6,400
SUMIT,12.7,13.8,12.7,13.25,13.25
SUMMITSEC,655,658.35,649,650.4,649
SUNCLAYLTD,3517.45,3584,3493.45,3567.1,3584
SUNDARAM,2.1,2.2,2,2.05,2.1
SUNDARMFIN,2596.25,2609.25,2570,2590.9,2594.6
SUNDARMHLD,78.6,79.25,77.5,78.1,78.2
SUNDRMBRAK,428.3,428.3,410.1,412.3,410.65
SUNDRMFAST,781.6,785.2,763.7,775.05,780.55
SUNFLAG,81.1,82.6,80.7,81.1,80.95
SUNPHARMA,760.75,777,758.1,771.8,771.5
SUNTECK,348.9,363.7,347,357.3,358.5
SUNTV,478.75,484.8,475.1,482.65,483.5
SUPERHOUSE,164.4,166.2,161,162.85,162
SUPERSPIN,10.85,10.85,9.9,9.95,10
SUPPETRO,636.9,636.9,620,630.45,633
SUPRAJIT,326.65,327.9,320.1,322.2,320.55
SUPREMEENG,28.55,32.15,28.3,30.6,30
SUPREMEIND,2032.6,2097,2024.05,2090,2097
SURANASOL,12.45,12.45,12.1,12.25,12.3
SURANAT&P,6.45,6.45,6.15,6.25,6.3
SURANI,42.65,42.65,42.65,42.65,42.65
SURYALAXMI,54.85,54.85,52.2,53.25,53.1
SURYAROSNI,503.95,522,502,514.9,513.8
SURYODAY,156.5,157.95,155,155.7,155
SUTLEJTEX,60.7,60.7,58.8,59.9,60
SUULD,525.6,538.95,512.4,519.85,520
SUVEN,82.5,84.35,82.2,83.95,83.8
SUVENPHAR,564.95,564.95,547,551.6,552.2
SUVIDHAA,21.65,22.3,20.65,21.85,22.1
SUZLON,6,6.1,5.85,6,6
SVPGLOB,134,142,130.55,133.45,134.8
SWANENERGY,143,146.05,138.9,140.65,141.9
SWARAJENG,1678.9,1678.9,1635.1,1642.55,1640
SWELECTES,222.95,222.95,215.1,217,215.55
SWSOLAR,311.9,318.8,303.2,314.9,313.2
SYMPHONY,944.9,953.55,936.2,948.25,949.5
SYNGENE,617.9,626.5,613.65,617.75,619
TAINWALCHM,81.65,81.65,76.1,79.3,79.1
TAJGVK,121.2,123.95,121.2,122.7,122.5
TAKE,52.35,53.1,51.5,52.3,52.4
TALBROAUTO,283,291,280.45,282,281.75
TANLA,880,896,872,893.85,885.35
TANTIACONS,7,7.3,6.65,6.95,6.95
TARACHAND,36.15,39,36.15,37.95,37.95
TARAPUR,4.5,4.5,4.25,4.45,4.5
TARC,38.6,39.55,37.55,38.65,38.6
TARMAT,61.7,65.85,57.3,59.7,58
TASTYBITE,18011,18398.8,17950,18287.8,18100
TATACAPHSG,1057,1061,1055.2,1061,1061
TATACAPHSG,1085,1110,1085,1110,1110
TATACAPHSG,1070.1,1070.1,1060,1060,1060
TATACAPHSG,1090,1114,1090,1114,1114
TATACHEM,830.5,842.35,825.9,829,828.65
TATACOFFEE,195.45,196.85,192.65,194.95,194.5
TATACOMM,1400,1411,1382.3,1388.2,1390
TATACONSUM,853.95,860.9,844,847.95,846.35
TATAELXSI,4861.6,4926.5,4793,4868.65,4875
TATAINVEST,1260,1285,1238.5,1264.7,1262.5
TATAMETALI,1045.5,1060,1045.15,1048.35,1046.2
TATAMOTORS,282.9,286.8,281.7,285.75,285.6
TATAMTRDVR,139.35,139.35,136.05,136.6,136.25
TATAPOWER,125.65,127.6,125.2,127.25,127.35
TATASTEEL,1379,1394.45,1375.85,1384.15,1382.4
TATASTLBSL,90.15,91,90,90.5,90.55
TATASTLLP,903.05,929.4,900,907.95,912
TATVA,2120,2148.55,2080,2085.25,2084
TBZ,72.95,73.15,72,72.8,72.35
TCFSL,1080.2,1082,1080.2,1081.5,1081.5
TCFSL,1119,1123.7,1119,1122.99,1123.5
TCFSL,1200.2,1200.2,1200.2,1200.2,1200.2
TCFSL,1020,1020,1019,1019.89,1019.9
TCFSL,1050,1090,1050,1060.05,1060.05
TCFSL,1092,1093.99,1090,1090,1090
TCI,419,419,394,396.05,396.2
TCIDEVELOP,308.15,325.75,306.3,317.75,324
TCIEXP,1410,1416.5,1391.55,1403.4,1399
TCIFINANCE,4.9,5,4.9,4.95,4.95
TCNSBRANDS,603,607.7,585.2,590.4,590
TCPLPACK,543,549,535,535.75,535
TCS,3666,3729.5,3651.1,3720.15,3715
TDPOWERSYS,286.1,298.5,270.5,274.45,275.4
TEAMLEASE,3950,3960,3901.55,3928.2,3960
TECHIN,6.05,6.2,5.85,5.85,5.85
TECHM,1449.85,1457.1,1431.2,1445.4,1440.8
TECHNOE,283.95,289.75,282.7,285.8,285.5
TEJASNET,359.35,375,352.5,371.1,371.1
TEMBO,255.3,266.85,255.3,260.15,256.3
TERASOFT,53.1,55.9,51.2,53.95,53.8
TEXINFRA,59.7,59.9,58.6,59.35,59.05
TEXMOPIPES,46.95,48,46.4,47.05,47
TEXRAIL,33.05,33.65,32.5,32.75,32.6
TFCILTD,61.9,62.95,60.95,62.2,62.3
TFL,4.6,4.6,4.45,4.5,4.5
TGBHOTELS,7.2,7.4,6.7,6.85,6.85
THANGAMAYL,902,919.9,881,898.3,915
THEINVEST,137.9,137.9,127.5,129.5,128
THEJO,2650,2743.95,2650,2736.3,2743.95
THEMISMED,1102.95,1109,1075,1082.85,1081.2
THERMAX,1384,1384,1350.05,1373.5,1379
THOMASCOOK,57.4,60.8,57.05,58.85,59
THOMASCOTT,18,18.9,18,18.9,18.9
THYROCARE,1250,1254,1240.05,1249,1254
TI,40.4,41.2,38.85,40.8,40.9
TIDEWATER,1839.8,1850,1799.1,1812.7,1806
TIIL,785,810,775.55,805.05,808
TIINDIA,1269.95,1297.05,1247,1291.35,1289.15
TIJARIA,6.25,6.5,6.25,6.5,6.5
TIL,163.95,167.05,156.85,160.05,160
TIMESGTY,43,44.9,43,43.95,43.95
TIMETECHNO,71.65,76.95,71.5,74.3,74.4
TIMKEN,1589,1693.35,1566.4,1665.9,1670
TINPLATE,222,227.7,222,222.55,222.5
TIPSINDLTD,1055.05,1124.9,1055.05,1100.55,1108.95
TIRUMALCHM,176.5,205.3,176.5,202.15,202
TIRUPATIFL,86.95,90,83.05,87.95,87.9
TITAN,1824,1830,1797,1822.55,1819.85
TMRVL,16.9,16.9,16.15,16.6,16.75
TNPETRO,115.2,118.4,111.5,116.7,117
TNPL,136.05,136.05,134.05,135,135
TNTELE,9.05,9.95,9.05,9.95,9.95
TOKYOPLAST,108,112.75,104.75,106.05,105.05
TORNTPHARM,3060,3086.8,3035.95,3046.9,3052.8
TORNTPOWER,473.15,496.75,472.2,488.15,487.4
TOTAL,45.9,49,45.9,48.7,49
TOUCHWOOD,126,129,122,123,122.1
TPLPLASTEH,303.5,306.95,299,301.3,303
TREEHOUSE,9.25,9.3,8.6,8.85,8.85
TREJHARA,62.35,62.35,60,60.15,60.75
TRENT,945.7,958,940,948.5,950
TRF,104.05,107.9,103.35,106.7,107.9
TRIDENT,20.35,20.5,20.05,20.15,20.2
TRIGYN,117.25,119.8,117.25,119.35,119.3
TRIL,28.15,28.7,27.4,28.15,28.7
TRITURBINE,123.9,124.8,121.55,123,122.1
TRIVENI,172.2,172.35,167.3,168.7,169.45
TTKHLTCARE,686,705,686,694.05,699
TTKPRESTIG,8942,8942,8775.3,8795.25,8790
TTL,68,68,65.7,66.2,65.7
TTML,37,37.3,35.5,37.3,37.3
TV18BRDCST,34.7,34.95,34.3,34.4,34.35
TVSELECT,163.7,164.65,161.75,163.4,163.7
TVSMOTOR,510.6,513.5,506.4,511.1,510.95
TVSSRICHAK,2060.95,2079.8,2050,2062.7,2057
TVTODAY,285.5,291.75,285,287.45,287
TVVISION,3.65,3.65,3.35,3.5,3.6
TWL,96.2,99.2,94.5,97.6,96.95
UBL,1436,1467.85,1433,1448.6,1444.25
UCALFUEL,148.6,150.8,142.25,145.6,145.1
UCOBANK,12.6,12.8,12.55,12.7,12.65
UFLEX,481.75,487,476,478,478.5
UFO,92,93.6,91.25,92.1,92.1
UGARSUGAR,27.95,27.95,26.85,27.4,27.4
UGROCAP,114.25,115.8,113,115.55,115.8
UJAAS,2.65,2.7,2.6,2.65,2.7
UJJIVAN,159.1,162.9,155.95,157,157.3
UJJIVANSFB,19.7,20,19.5,19.9,19.95
ULTRACEMCO,7330.6,7594.8,7318.2,7565.6,7553
UMANGDAIRY,75,75.2,73.05,73.6,73.55
UMESLTD,3.55,3.55,3.3,3.55,3.5
UNICHEMLAB,277.4,289.95,273.3,284.1,283.55
UNIDT,329.35,330.3,321.35,323.65,322
UNIENTER,125,126.8,123.1,124.95,124.8
UNIINFO,24.25,26.75,24.25,25.85,26.75
UNIONBANK,33.4,34.6,33.25,34.15,34.4
UNITECH,1.9,1.95,1.9,1.9,1.9
UNITEDTEA,403.25,412.8,400.1,402.75,400.1
UNIVASTU,47,51.7,47,51,51.35
UNIVCABLES,166.4,166.65,162.05,164.5,164.85
UNIVPHOTO,310,315,296,305.85,301.5
UPL,724.95,743.4,722.55,729.25,727.95
URJA,6.5,6.5,6.2,6.3,6.35
URJAPP,2,2.05,1.95,2,2.05
USHAMART,66.95,69.35,66.4,68.6,68.45
UTIAMC,1150,1168.6,1138.05,1146.9,1149.05
UTIBANKETF,36.35,36.35,35.52,35.76,35.94
UTINEXT50,41.05,42.8,41.05,42.04,41.8
UTINIFTETF,1748.6,1756.05,1740.1,1748.78,1745.2
UTISENSETF,590.99,590.99,584,589.64,589.94
UTISXN50,45,46.35,44.5,45.72,45.75
UTTAMSTL,4.8,4.8,4.45,4.55,4.55
UTTAMSUGAR,198.1,200,191.6,196.8,197
UWCSL,28.2,29.65,28.2,29.55,29.55
V2RETAIL,108.45,109.75,107.1,107.75,108
VADILALIND,1107.15,1108.75,1087.9,1100.7,1104.5
VAIBHAVGBL,719.9,741,711.05,730.05,730
VAISHALI,38.75,39.85,38.5,38.9,39
VAKRANGEE,43,43.4,40.2,40.8,40.7
VALIANTORG,1288.65,1298,1281,1288.45,1288
VARDHACRLC,63.5,64.85,61.1,61.55,62.4
VARDMNPOLY,21.65,23.45,21.65,23.3,23.45
VARROC,295.1,298,291.75,292.4,293.15
VASCONEQ,25.95,26.75,25.2,25.45,25.4
VASWANI,12.4,12.45,11.45,12.25,12.35
VBL,853.95,860,843,852.45,852.5
VCL,55,57.5,55,57.4,57.5
VEDL,288.7,295.3,288.45,292.6,292
VENKEYS,2954,2954,2825,2844.9,2842
VENUSREM,474.95,493.75,467.9,474.1,475
VERTOZ,117,121.9,106.45,109.35,107.4
VESUVIUS,1184,1215,1179.95,1196.2,1190
VETO,110.4,114.6,108.6,111.15,110.3
VGUARD,239,241,237.1,240.35,240
VHL,2999,2999,2852.6,2885.55,2870
VICEROY,2.7,2.75,2.6,2.75,2.75
VIDHIING,330.5,338.85,325.1,327.55,326
VIJIFIN,1.55,1.65,1.55,1.6,1.6
VIKASECO,2.1,2.1,2.05,2.1,2.1
VIKASLIFE,3.45,3.6,3.45,3.45,3.5
VIKASPROP,2.35,2.35,2.25,2.3,2.3
VIKASWSP,5.4,5.4,5.05,5.1,5.15
VIMTALABS,302,305.6,295.85,296.55,296.6
VINATIORGA,1765,1805.55,1755,1789.5,1789.95
VINDHYATEL,1079.95,1115.05,1053,1100.65,1095
VINEETLAB,84.5,85.6,81.75,85.1,85.5
VINYLINDIA,210.6,225.7,202.4,221.45,220.3
VIPCLOTHNG,18.2,19,17.8,18.05,18
VIPIND,469,481.7,463.1,473.65,469
VIPULLTD,30.5,30.9,29,30.2,30.9
VISAKAIND,707.05,720,707.05,715.8,714
VISASTEEL,10.45,10.5,10,10.15,10.2
VISHAL,112.3,112.5,111,111.55,111.95
VISHNU,592.6,619.8,589.15,619.8,619.8
VISHWARAJ,155.2,156.2,153,154.7,154.5
VIVIDHA,0.8,0.8,0.75,0.8,0.8
VIVIMEDLAB,21.5,21.7,20.5,20.6,20.6
VLSFINANCE,191,192.8,186.65,190.4,192
VMARCIND,32.5,33.4,32.5,33.4,33.4
VMART,3538,3573.85,3502,3527.3,3530
VOLTAMP,1397,1437,1392.9,1423.7,1436
VOLTAS,957.4,990.45,957,985.35,984.95
VRLLOG,315,315.6,310,313.75,313.55
VSSL,251.9,254.2,246,248,248.9
VSTIND,3369.9,3369.9,3342,3352.7,3352.8
VSTTILLERS,2545,2568,2500,2513.7,2506
VTL,1730,1790,1730,1753.65,1745
WABAG,340.8,341.95,331.2,333.7,334
WABCOINDIA,7018.95,7018.95,6910.05,6985.4,6979
WALCHANNAG,63,71,62.65,68.15,68.9
WALPAR,33.05,33.05,33,33,33
WANBURY,81,83.9,81,82.95,83
WATERBASE,115.7,115.9,112.8,114,114.4
WEALTH,220,220,215,215,215
WEBELSOLAR,68.45,68.45,64.8,66.5,65.55
WEIZMANIND,49.5,50.05,47,50,50.05
WELCORP,117.4,119.5,115.6,118.8,118.5
WELENT,93.4,103,91,100.65,101.85
WELINV,334.25,340,334,339.55,340
WELSPUNIND,126.1,127.35,125,125.4,125.4
WENDT,4200,4330,4180,4266.45,4330
WESTLIFE,529,537.7,516.4,534.3,535.3
WEWIN,13.05,13.05,13.05,13.05,13.05
WFL,106,106,106,106,106
WHEELS,852.45,869,830,839.55,830
WHIRLPOOL,2038,2054,2002.55,2009.3,2010.95
WILLAMAGOR,21.9,21.9,20,20.6,20.55
WINDLAS,345.95,352.7,344.05,348,348.65
WINDMACHIN,29.6,30.75,29.6,30,29.95
WIPL,60,64,60,64,64
WIPRO,629.5,636,625.3,634.95,633.4
WOCKPHARMA,417.9,424,393.2,396.2,395.5
WONDERLA,235.7,235.7,231.2,232.35,231.2
WORTH,94.25,96.8,92.4,94.2,93.75
WSI,7.35,7.35,7.35,7.35,7.35
WSTCSTPAPR,230.55,236.7,227.6,229.1,228.5
XCHANGING,112.9,114.3,109.4,110.2,110
XELPMOC,386.15,386.15,361.55,376.95,380
XPROINDIA,350.05,350.05,317,350.05,350.05
YAARII,99,99.75,95.25,97.85,96.8
YESBANK,10.95,11.15,10.9,11.05,11.1
ZEEL,167,171.7,167,170.75,170.5
ZEEL,2,2.05,2,2,2.05
ZEELEARN,12,12.1,11.85,12,12
ZEEMEDIA,9.1,9.1,8.8,9,9.05
ZENITHEXPO,85,85.5,81.3,82.75,81.7
ZENSARTECH,447,463,439.3,455.4,456
ZENTEC,101,107.75,99.55,100.45,99.65
ZODIAC,23.9,23.9,23.9,23.9,23.9
ZODIACLOTH,106.15,108.7,105.5,106.95,108.65
ZODJRDMKJ,31.45,31.7,30,30.95,30.5
ZOMATO,126.6,129.5,124.1,124.7,124.95
ZOTA,347,347,329.05,338.25,338
ZUARI,118.55,124,118.55,121.25,122
ZUARIGLOB,128.9,134,128,132,129.15
ZYDUSWELL,2303,2325,2265.05,2310.5,2300
